Rank,Player,Team,Position,Valid_starts,total_min,mean_min,mean_xFpts,sd_xFpts,mean_fpts,sd_fpts,mean_xFpts - mean_fpts,total_xFpts,total_fpts,total_xFpts - total_fpts,total_xCS,CS
1,Kevin De Bruyne,MCI,M,11,990,90.00,19.56,7.84,17.73,9.36,1.83,215.14,195.00,20.14,5.64,5
2,Jack Grealish,AVL,M,12,1080,90.00,18.60,9.20,21.04,14.75,-2.45,223.16,252.50,-29.34,5.56,7
3,Bruno Fernandes,MUN,M,11,946,86.00,18.00,10.13,20.41,11.53,-2.41,197.98,224.50,-26.52,4.68,3
4,Sadio Mane,LIV,F,11,979,89.00,16.94,6.07,14.73,6.54,2.21,186.30,162.00,24.30,3.44,3
5,Mohamed Salah,LIV,F,12,1047,87.25,16.58,7.75,18.75,10.61,-2.18,198.90,225.00,-26.10,3.28,3
6,Jamie Vardy,LEI,F,12,1068,89.00,15.49,9.06,16.67,11.43,-1.18,185.90,200.00,-14.10,4.00,4
7,Christian Benteke,CRY,F,3,250,83.33,15.40,6.21,19.50,11.34,-4.10,46.20,58.50,-12.30,1.76,0
8,Ross Barkley,AVL,M,5,450,90.00,15.39,5.32,15.40,4.68,-0.01,76.96,77.00,-0.04,1.36,2
9,Oliver McBurnie,SHU,F,7,630,90.00,15.17,6.35,13.29,4.37,1.89,106.20,93.00,13.20,0.40,0
10,Tammy Abraham,CHE,F,7,606,86.57,15.17,5.36,16.29,7.61,-1.11,106.20,114.00,-7.80,5.36,5
11,Harry Kane,TOT,F,14,1254,89.57,15.03,8.77,18.61,13.11,-3.58,210.40,260.50,-50.10,4.56,5
12,Joao Cancelo,MCI,D,9,810,90.00,14.58,4.33,13.36,5.03,1.22,131.19,120.25,10.94,5.64,5
13,Dominic Calvert-Lewin,EVE,F,14,1238,88.43,14.53,6.18,16.07,8.64,-1.54,203.40,225.00,-21.60,4.88,3
14,James Rodriguez,EVE,M,10,845,84.50,14.53,5.91,14.85,8.95,-0.32,145.26,148.50,-3.24,3.76,1
15,Olivier Giroud,CHE,F,3,240,80.00,14.07,8.78,12.67,7.98,1.40,42.20,38.00,4.20,1.12,0
16,Richarlison,EVE,F,10,882,88.20,13.97,9.38,12.65,8.49,1.32,139.70,126.50,13.20,4.00,3
17,Pascal Gross,BHA,M,6,539,89.83,13.95,3.52,14.33,2.21,-0.38,83.70,86.00,-2.30,2.00,1
18,Michail Antonio,WHU,M,5,433,86.60,13.90,3.90,12.30,7.28,1.60,69.52,61.50,8.02,1.92,2
19,Gylfi Sigurdsson,EVE,M,6,510,85.00,13.86,8.06,13.67,8.23,0.19,83.16,82.00,1.16,1.36,2
20,Riyad Mahrez,MCI,F,9,750,83.33,13.67,8.48,14.33,13.30,-0.67,123.00,129.00,-6.00,5.08,5
21,Lucas Digne,EVE,D,8,702,87.75,13.50,9.31,12.31,12.91,1.19,108.00,98.50,9.50,3.20,1
22,Ben Chilwell,CHE,D,10,892,89.20,13.49,6.82,14.93,9.69,-1.44,134.85,149.25,-14.40,6.00,5
23,Bertrand Traore,AVL,M,3,245,81.67,13.41,6.93,16.00,10.89,-2.59,40.22,48.00,-7.78,2.12,3
24,Raphinha,LEE,F,6,535,89.17,13.38,3.75,12.58,5.86,0.80,80.30,75.50,4.80,0.96,2
25,Jack Harrison,LEE,M,11,971,88.27,13.15,5.12,13.59,7.22,-0.44,144.68,149.50,-4.82,2.48,4
26,Patrick Bamford,LEE,F,14,1189,84.93,12.94,6.28,12.54,10.25,0.41,181.20,175.50,5.70,2.48,4
27,Ollie Watkins,AVL,F,12,1080,90.00,12.89,8.32,12.04,13.15,0.85,154.70,144.50,10.20,5.56,7
28,Sebastien Haller,WHU,F,7,614,87.71,12.84,8.79,11.86,7.89,0.99,89.90,83.00,6.90,1.12,2
29,Mason Mount,CHE,M,12,1062,88.50,12.81,8.46,12.96,10.14,-0.15,153.76,155.50,-1.74,5.56,4
30,Jorginho,CHE,M,6,500,83.33,12.36,9.05,12.25,11.59,0.11,74.14,73.50,0.64,2.44,3
31,Hakim Ziyech,CHE,M,4,333,83.25,12.29,6.77,15.75,9.04,-3.47,49.14,63.00,-13.86,3.24,3
32,Adama Traore,WOL,F,7,602,86.00,12.26,3.80,10.71,3.26,1.54,85.80,75.00,10.80,1.52,1
33,Trezeguet,AVL,M,8,659,82.38,12.20,5.10,9.31,4.72,2.89,97.60,74.50,23.10,2.80,4
34,Reece James,CHE,D,11,990,90.00,12.07,5.12,11.45,7.63,0.62,132.78,126.00,6.78,5.48,4
35,Alex Telles,MUN,D,4,354,88.50,11.93,4.62,10.88,3.00,1.05,47.70,43.50,4.20,1.60,1
36,Anthony Martial,MUN,F,7,592,84.57,11.90,13.02,11.00,13.79,0.90,83.30,77.00,6.30,1.44,1
37,Matt Doherty,TOT,D,6,526,87.67,11.87,4.38,11.17,7.45,0.71,71.24,67.00,4.24,2.64,2
38,Pedro Neto,WOL,F,13,1091,83.92,11.80,4.40,12.77,6.06,-0.97,153.40,166.00,-12.60,4.04,4
39,Danny Welbeck,BHA,F,6,499,83.17,11.70,5.67,10.00,6.11,1.70,70.20,60.00,10.20,2.56,2
40,Callum Wilson,NEW,F,12,1060,88.33,11.57,7.11,13.00,9.43,-1.43,138.90,156.00,-17.10,4.00,3
41,Son Heung-Min,TOT,F,13,1131,87.00,11.55,7.00,16.58,13.39,-5.03,150.10,215.50,-65.40,4.16,6
42,Christian Pulisic,CHE,M,4,342,85.50,11.47,5.00,8.88,3.07,2.59,45.86,35.50,10.36,2.16,2
43,Matheus Pereira,WBA,M,8,698,87.25,11.18,6.10,12.00,5.47,-0.82,89.42,96.00,-6.58,1.12,2
44,Aleksandar Mitrovic,FUL,F,8,706,88.25,11.13,4.65,9.44,7.76,1.69,89.00,75.50,13.50,1.44,1
45,Timo Werner,CHE,F,14,1207,86.21,11.12,6.62,10.61,8.20,0.51,155.70,148.50,7.20,7.20,6
46,James Maddison,LEI,M,8,680,85.00,11.10,5.31,11.88,7.69,-0.78,88.78,95.00,-6.22,2.88,4
47,Marcus Rashford,MUN,F,12,1050,87.50,10.90,7.07,12.75,10.78,-1.85,130.80,153.00,-22.20,4.68,3
48,Marc Albrighton,LEI,M,5,450,90.00,10.88,3.16,9.20,3.01,1.68,54.40,46.00,8.40,2.00,2
49,Phil Foden,MCI,M,5,409,81.80,10.83,6.18,9.70,6.26,1.13,54.14,48.50,5.64,1.84,1
50,Ademola Lookman,FUL,F,10,895,89.50,10.71,5.47,10.65,7.52,0.06,107.10,106.50,0.60,2.32,2
51,Diogo Jota,LIV,F,5,442,88.40,10.70,8.76,12.20,7.70,-1.50,53.50,61.00,-7.50,0.16,1
52,Roberto Firmino,LIV,F,13,1072,82.46,10.68,8.22,10.96,9.79,-0.28,138.90,142.50,-3.60,4.40,4
53,Andros Townsend,CRY,M,11,925,84.09,10.59,5.38,11.05,5.71,-0.46,116.46,121.50,-5.04,2.96,2
54,Wesley Fofana,LEI,D,10,900,90.00,10.55,5.85,9.85,6.23,0.70,105.52,98.50,7.02,3.92,4
55,Moussa Djenepo,SOU,M,5,392,78.40,10.44,4.61,9.50,4.09,0.94,52.20,47.50,4.70,1.60,2
56,Vladimir Coufal,WHU,D,11,985,89.55,10.42,7.82,11.14,8.12,-0.71,114.66,122.50,-7.84,2.56,3
57,Leandro Trossard,BHA,M,9,760,84.44,10.40,4.42,9.00,4.74,1.40,93.62,81.00,12.62,3.92,3
58,Danny Ings,SOU,F,9,805,89.44,10.19,4.51,13.06,6.75,-2.87,91.70,117.50,-25.80,4.84,4
59,Andre-Frank Zambo Anguissa,FUL,M,12,1055,87.92,10.17,4.78,10.13,5.67,0.05,122.06,121.50,0.56,2.56,2
60,Kurt Zouma,CHE,D,13,1170,90.00,10.17,3.83,11.96,6.49,-1.79,132.20,155.50,-23.30,6.80,6
61,Che Adams,SOU,F,14,1207,86.21,10.12,4.25,10.68,5.78,-0.56,141.70,149.50,-7.80,5.96,5
62,Conor Hourihane,AVL,M,3,212,70.67,10.04,5.78,11.67,10.65,-1.63,30.12,35.00,-4.88,1.92,2
63,Solly March,BHA,M,13,1114,85.69,9.97,4.73,10.42,5.26,-0.45,129.66,135.50,-5.84,4.96,3
64,Andrew Robertson,LIV,D,14,1260,90.00,9.96,6.37,10.57,9.38,-0.61,139.40,148.00,-8.60,4.40,4
65,Jannik Vestergaard,SOU,D,12,1080,90.00,9.95,5.47,11.42,7.13,-1.46,119.42,137.00,-17.58,5.32,5
66,Ilkay Gundogan,MCI,M,6,540,90.00,9.80,6.73,9.17,7.21,0.64,58.82,55.00,3.82,4.12,3
67,Neal Maupay,BHA,F,10,866,86.60,9.68,6.34,8.60,10.07,1.08,96.80,86.00,10.80,4.32,2
68,Seamus Coleman,EVE,D,4,360,90.00,9.67,2.25,7.00,5.99,2.67,38.66,28.00,10.66,2.16,1
69,Tom Cairney,FUL,M,8,694,86.75,9.61,6.74,9.06,8.16,0.54,76.84,72.50,4.34,1.44,1
70,Allan Saint-Maximin,NEW,M,7,555,79.29,9.60,5.39,9.86,8.18,-0.26,67.20,69.00,-1.80,2.40,3
71,Harry Maguire,MUN,D,13,1170,90.00,9.60,6.24,7.96,7.84,1.64,124.78,103.50,21.28,4.68,3
72,Antonee Robinson,FUL,D,11,990,90.00,9.57,3.79,9.64,4.43,-0.07,105.26,106.00,-0.74,2.56,2
73,Daniel Podence,WOL,M,13,1001,77.00,9.53,4.47,10.46,5.23,-0.93,123.94,136.00,-12.06,4.04,5
74,Timothy Castagne,LEI,D,7,600,85.71,9.50,3.56,12.68,7.71,-3.18,66.49,88.75,-22.26,2.64,3
75,Raheem Sterling,MCI,F,11,982,89.27,9.49,8.03,10.09,9.04,-0.60,104.40,111.00,-6.60,5.40,5
76,Leander Dendoncker,WOL,M,10,890,89.00,9.48,5.18,7.70,5.20,1.78,94.78,77.00,17.78,3.88,5
77,James Ward-Prowse,SOU,M,14,1260,90.00,9.48,4.15,12.11,8.36,-2.63,132.66,169.50,-36.84,5.96,5
78,Wilfried Zaha,CRY,M,12,1071,89.25,9.45,11.23,11.04,12.95,-1.59,113.36,132.50,-19.14,3.76,1
79,Alexandre Lacazette,ARS,F,8,619,77.38,9.43,5.46,8.94,5.20,0.49,75.40,71.50,3.90,3.48,3
80,Ivan Cavaleiro,FUL,F,10,873,87.30,9.42,5.36,7.50,3.75,1.92,94.20,75.00,19.20,1.44,1
81,Scott McTominay,MUN,M,8,712,89.00,9.21,5.80,10.50,10.52,-1.29,73.68,84.00,-10.32,3.08,2
82,Tomas Soucek,WHU,M,14,1260,90.00,9.20,4.12,9.14,5.41,0.06,128.86,128.00,0.86,3.36,4
83,Harvey Barnes,LEI,M,10,831,83.10,9.17,4.90,9.20,7.05,-0.03,91.74,92.00,-0.26,3.04,3
84,Mateusz Klich,LEE,M,13,1147,88.23,9.14,3.15,10.35,5.53,-1.20,118.88,134.50,-15.62,2.48,4
85,Arthur Masuaku,WHU,D,9,806,89.56,9.11,6.03,9.28,8.45,-0.17,81.98,83.50,-1.52,2.88,4
86,Emil Krafth,NEW,D,3,260,86.67,9.10,1.79,4.08,1.64,5.01,27.29,12.25,15.04,1.44,0
87,Gabriel Jesus,MCI,F,7,630,90.00,9.06,3.10,8.93,4.47,0.13,63.40,62.50,0.90,4.36,3
88,Theo Walcott,SOU,M,9,750,83.33,9.04,4.71,9.83,5.98,-0.80,81.34,88.50,-7.16,2.64,2
89,Serge Aurier,TOT,D,8,694,86.75,9.00,5.31,10.66,8.16,-1.66,71.97,85.25,-13.28,1.92,3
90,Tariq Lamptey,BHA,D,9,786,87.33,8.83,5.36,9.89,5.48,-1.06,79.50,89.00,-9.50,3.60,2
91,Chris Wood,BUR,F,13,1113,85.62,8.83,6.22,7.19,6.32,1.64,114.80,93.50,21.30,2.80,5
92,Jeffrey Schlupp,CRY,M,9,729,81.00,8.82,6.13,9.11,7.55,-0.30,79.34,82.00,-2.66,2.24,4
93,Trent Alexander-Arnold,LIV,D,11,940,85.45,8.80,4.18,6.48,6.94,2.32,96.79,71.25,25.54,3.44,2
94,Dani Ceballos,ARS,M,8,688,86.00,8.77,4.28,8.25,4.46,0.52,70.18,66.00,4.18,2.28,2
95,Matt Targett,AVL,D,12,1080,90.00,8.72,7.81,8.44,6.84,0.28,104.61,101.25,3.36,5.56,7
96,Thiago Silva,CHE,D,10,883,88.30,8.70,5.89,8.53,9.80,0.18,87.03,85.25,1.78,6.48,5
97,Michy Batshuayi,CRY,F,4,347,86.75,8.65,5.98,7.38,5.66,1.27,34.60,29.50,5.10,0.56,1
98,Bukayo Saka,ARS,M,11,961,87.36,8.60,5.80,6.82,5.23,1.78,94.62,75.00,19.62,4.52,2
99,Patrick van Aanholt,CRY,D,8,720,90.00,8.57,7.41,4.16,8.51,4.41,68.53,33.25,35.28,2.48,0
100,Matthew Cash,AVL,D,11,955,86.82,8.47,5.43,8.80,7.79,-0.33,93.13,96.75,-3.62,4.68,6
101,Tyrone Mings,AVL,D,12,1080,90.00,8.45,7.24,10.19,9.46,-1.74,101.41,122.25,-20.84,5.56,7
102,Joelinton,NEW,F,8,670,83.75,8.45,7.73,8.56,9.15,-0.11,67.60,68.50,-0.90,2.32,1
103,Nicolas Pepe,ARS,F,3,239,79.67,8.43,1.65,7.83,3.32,0.60,25.30,23.50,1.80,0.96,0
104,Alex Iwobi,EVE,M,6,505,84.17,8.42,3.40,8.67,4.65,-0.24,50.54,52.00,-1.46,1.84,3
105,Raul Jimenez,WOL,F,9,809,89.89,8.39,5.54,9.56,6.70,-1.17,75.50,86.00,-10.50,3.08,4
106,Jan Bednarek,SOU,D,12,1080,90.00,8.33,7.62,8.42,9.60,-0.08,100.02,101.00,-0.98,5.32,5
107,Matt Phillips,WBA,M,4,345,86.25,8.33,5.65,9.00,6.01,-0.67,33.32,36.00,-2.68,0.32,0
108,Filip Krovinovic,WBA,M,5,419,83.80,8.30,4.88,7.70,4.26,0.60,41.48,38.50,2.98,1.28,1
109,Nelson Semedo,WOL,D,12,1051,87.58,8.28,6.11,8.52,6.77,-0.24,99.37,102.25,-2.88,3.32,3
110,Ainsley Maitland-Niles,ARS,M,4,360,90.00,8.25,5.11,7.88,4.64,0.37,32.98,31.50,1.48,1.88,1
111,Jordan Henderson,LIV,M,9,777,86.33,8.16,4.34,8.11,6.42,0.04,73.40,73.00,0.40,3.60,2
112,Eberechi Eze,CRY,M,9,759,84.33,8.12,6.58,9.50,8.81,-1.38,73.12,85.50,-12.38,2.32,0
113,Joe Bryan,FUL,D,4,337,84.25,8.12,3.89,6.56,4.58,1.56,32.49,26.25,6.24,0.24,0
114,Romain Saiss,WOL,D,8,698,87.25,8.10,5.76,9.19,9.11,-1.09,64.82,73.50,-8.68,2.52,4
115,Joel Matip,LIV,D,5,450,90.00,8.09,5.95,10.65,9.00,-2.56,40.43,53.25,-12.82,2.08,3
116,John Stones,MCI,D,5,450,90.00,8.08,5.22,9.40,5.72,-1.32,40.38,47.00,-6.62,3.08,4
117,Aaron Cresswell,WHU,D,14,1260,90.00,8.06,7.01,8.88,10.17,-0.82,112.81,124.25,-11.44,3.36,4
118,Ezgjan Alioski,LEE,M,7,609,87.00,8.04,6.06,7.93,6.66,0.11,56.28,55.50,0.78,1.68,3
119,Curtis Jones,LIV,M,5,430,86.00,7.94,4.12,6.40,2.78,1.54,39.72,32.00,7.72,1.92,2
120,David McGoldrick,SHU,F,7,568,81.14,7.89,6.82,10.93,9.77,-3.04,55.20,76.50,-21.30,0.88,3
121,James Tarkowski,BUR,D,11,990,90.00,7.88,4.16,8.95,7.40,-1.07,86.70,98.50,-11.80,2.00,5
122,Scott Dann,CRY,D,7,630,90.00,7.88,4.81,7.07,7.85,0.81,55.16,49.50,5.66,2.56,1
123,Jarrod Bowen,WHU,M,14,1166,83.29,7.88,5.41,8.71,8.00,-0.84,110.26,122.00,-11.74,3.36,4
124,Rodrigo,MCI,M,15,1342,89.47,7.86,5.82,8.03,6.82,-0.17,117.94,120.50,-2.56,7.80,5
125,Josh Brownhill,BUR,M,12,1080,90.00,7.85,2.63,7.21,2.18,0.64,94.20,86.50,7.70,2.80,5
126,Jonjo Shelvey,NEW,M,8,702,87.75,7.77,2.54,6.38,2.71,1.39,62.14,51.00,11.14,2.64,2
127,Stuart Dallas,LEE,M,14,1251,89.36,7.74,3.72,8.43,4.01,-0.69,108.38,118.00,-9.62,2.48,4
128,John Fleck,SHU,M,7,603,86.14,7.70,3.47,6.64,2.98,1.06,53.90,46.50,7.40,0.80,0
129,Dwight McNeil,BUR,M,13,1167,89.77,7.70,4.39,7.35,4.07,0.35,100.10,95.50,4.60,2.80,6
130,John McGinn,AVL,M,12,1080,90.00,7.67,4.03,9.17,7.61,-1.50,92.06,110.00,-17.94,5.56,7
131,Adam Webster,BHA,D,13,1170,90.00,7.64,4.50,4.21,6.19,3.42,99.27,54.75,44.52,5.92,3
132,Kalvin Phillips,LEE,M,10,900,90.00,7.62,4.75,8.10,5.56,-0.48,76.16,81.00,-4.84,1.76,3
133,Matt Ritchie,NEW,M,3,249,83.00,7.59,3.50,6.33,3.12,1.25,22.76,19.00,3.76,1.36,0
134,Robbie Brady,BUR,M,5,424,84.80,7.58,2.49,9.10,5.40,-1.52,37.92,45.50,-7.58,0.32,4
135,Dan Burn,BHA,D,5,442,88.40,7.55,8.71,4.70,8.61,2.85,37.74,23.50,14.24,2.24,1
136,Nemanja Matic,MUN,M,4,360,90.00,7.53,4.39,7.38,4.32,0.15,30.10,29.50,0.60,1.60,1
137,Mateo Kovacic,CHE,M,5,412,82.40,7.52,3.73,7.30,3.70,0.22,37.62,36.50,1.12,2.52,2
138,Darnell Furlong,WBA,D,13,1149,88.38,7.45,4.77,9.02,7.31,-1.57,96.83,117.25,-20.42,1.28,2
139,Tanguy Ndombele,TOT,M,8,546,68.25,7.39,4.87,7.94,5.89,-0.54,59.14,63.50,-4.36,3.44,6
140,Kai Havertz,CHE,M,9,714,79.33,7.39,5.43,7.17,6.04,0.22,66.52,64.50,2.02,4.12,3
141,Yerry Mina,EVE,D,12,1080,90.00,7.38,6.48,7.13,7.51,0.26,88.58,85.50,3.08,4.88,3
142,Pierre-Emerick Aubameyang,ARS,F,13,1167,89.77,7.38,3.12,6.96,4.96,0.42,95.90,90.50,5.40,4.96,3
143,Kyle Walker,MCI,D,11,978,88.91,7.36,4.69,8.25,8.50,-0.89,80.91,90.75,-9.84,4.96,5
144,Paul Pogba,MUN,M,7,582,83.14,7.35,3.74,7.93,4.92,-0.58,51.46,55.50,-4.04,0.56,1
145,James Justin,LEI,D,14,1260,90.00,7.31,5.78,8.61,7.13,-1.30,102.32,120.50,-18.18,5.12,5
146,Joel Veltman,BHA,D,6,533,88.83,7.30,5.69,4.33,6.24,2.97,43.82,26.00,17.82,2.72,1
147,Hector Bellerin,ARS,D,12,1049,87.42,7.27,6.96,7.44,7.54,-0.17,87.19,89.25,-2.06,4.64,3
148,Ayoze Perez,LEI,M,6,414,69.00,7.24,5.49,7.17,6.07,0.07,43.42,43.00,0.42,2.72,2
149,Robin Koch,LEE,D,10,900,90.00,7.23,5.38,7.15,5.89,0.08,72.30,71.50,0.80,2.00,4
150,Jack Stephens,SOU,D,3,270,90.00,7.23,7.29,3.75,8.88,3.48,21.69,11.25,10.44,1.44,1
151,Stuart Armstrong,SOU,M,11,935,85.00,7.23,4.17,8.59,6.37,-1.36,79.50,94.50,-15.00,5.00,5
152,Ruben Neves,WOL,M,10,831,83.10,7.22,4.30,6.10,3.87,1.12,72.16,61.00,11.16,2.76,3
153,Aaron Wan-Bissaka,MUN,D,12,1080,90.00,7.21,6.79,6.04,7.49,1.17,86.58,72.50,14.08,4.68,3
154,Pablo Fornals,WHU,M,13,1060,81.54,7.21,5.68,7.00,7.57,0.21,93.78,91.00,2.78,2.88,4
155,Oliver Burke,SHU,M,5,392,78.40,7.20,5.44,5.80,4.35,1.40,35.98,29.00,6.98,0.48,1
156,Youri Tielemans,LEI,M,14,1260,90.00,7.17,4.80,7.29,5.94,-0.12,100.32,102.00,-1.68,5.12,5
157,Kieran Tierney,ARS,D,13,1161,89.31,7.16,5.74,4.58,4.50,2.59,93.12,59.50,33.62,5.52,3
158,Ben Osborn,SHU,M,3,243,81.00,7.16,2.24,5.17,0.85,1.99,21.48,15.50,5.98,0.88,0
159,Tom Davies,EVE,M,3,241,80.33,7.11,2.34,6.33,2.09,0.77,21.32,19.00,2.32,0.32,1
160,Victor Lindelof,MUN,D,12,1080,90.00,7.04,3.30,6.27,5.33,0.76,84.43,75.25,9.18,4.68,3
161,Luke Shaw,MUN,D,9,757,84.11,7.01,5.33,5.50,6.93,1.51,63.08,49.50,13.58,3.08,2
162,Steven Alzate,BHA,F,5,431,86.20,6.92,5.76,6.20,5.18,0.72,34.60,31.00,3.60,1.92,2
163,Oriol Romeu,SOU,M,13,1163,89.46,6.91,3.95,7.58,5.57,-0.66,89.86,98.50,-8.64,5.96,5
164,Juan Mata,MUN,M,3,233,77.67,6.88,4.26,7.67,6.36,-0.79,20.64,23.00,-2.36,2.24,1
165,Ezri Konsa Ngoyo,AVL,D,10,900,90.00,6.87,5.18,8.43,8.75,-1.55,68.73,84.25,-15.52,3.68,5
166,Ciaran Clark,NEW,D,5,450,90.00,6.86,5.20,6.60,6.63,0.26,34.30,33.00,1.30,1.60,1
167,Willy Boly,WOL,D,12,1080,90.00,6.85,4.46,6.08,6.41,0.77,82.22,73.00,9.22,3.72,4
168,Naby Keita,LIV,M,3,233,77.67,6.83,5.35,5.67,4.50,1.17,20.50,17.00,3.50,1.60,2
169,Declan Rice,WHU,M,14,1260,90.00,6.80,3.76,6.57,3.75,0.23,95.26,92.00,3.26,3.36,4
170,Ashley Barnes,BUR,F,7,550,78.57,6.80,3.19,5.86,4.61,0.94,47.60,41.00,6.60,1.92,3
171,Michael Keane,EVE,D,14,1260,90.00,6.80,5.05,6.07,5.95,0.73,95.18,85.00,10.18,4.88,3
172,Bernardo Silva,MCI,M,5,410,82.00,6.76,4.82,5.70,3.67,1.06,33.80,28.50,5.30,3.20,3
173,Kyle Walker-Peters,SOU,D,14,1259,89.93,6.76,3.69,5.91,4.45,0.85,94.61,82.75,11.86,5.96,5
174,Abdoulaye Doucoure,EVE,M,13,1124,86.46,6.67,5.10,6.23,6.54,0.44,86.74,81.00,5.74,4.24,3
175,Gabriel Magalhaes,ARS,D,12,1052,87.67,6.67,4.50,6.35,5.68,0.31,80.01,76.25,3.76,4.96,3
176,Miguel Almiron,NEW,M,7,583,83.29,6.67,3.97,6.57,4.40,0.09,46.66,46.00,0.66,2.96,2
177,Luke Ayling,LEE,D,14,1240,88.57,6.66,4.70,5.36,6.27,1.31,93.28,75.00,18.28,2.48,4
178,Rayan Ait-Nouri,WOL,D,4,316,79.00,6.56,4.41,10.50,6.83,-3.94,26.22,42.00,-15.78,0.72,1
179,Adam Lallana,BHA,M,7,568,81.14,6.53,5.23,4.57,3.97,1.96,45.74,32.00,13.74,3.84,3
180,Jordan Ayew,CRY,F,8,661,82.63,6.53,4.46,6.19,5.29,0.34,52.20,49.50,2.70,1.44,2
181,Liam Cooper,LEE,D,11,972,88.36,6.45,5.37,6.75,4.89,-0.30,70.99,74.25,-3.26,1.44,3
182,Johann Gudmundsson,BUR,M,3,220,73.33,6.43,1.17,5.50,2.04,0.93,19.30,16.50,2.80,1.20,2
183,N'Golo Kante,CHE,M,14,1253,89.50,6.43,2.62,6.43,3.21,0.00,90.00,90.00,0.00,7.20,6
184,Jacob Murphy,NEW,M,5,439,87.80,6.41,6.36,7.40,7.95,-0.99,32.06,37.00,-4.94,1.36,0
185,Ben White,BHA,D,14,1222,87.29,6.40,4.28,4.29,5.23,2.12,89.62,60.00,29.62,5.92,3
186,Tosin Adarabioyo,FUL,D,10,900,90.00,6.38,5.10,5.70,5.45,0.68,63.82,57.00,6.82,2.32,2
187,Sergio Reguilon,TOT,D,9,804,89.33,6.36,5.24,7.56,4.48,-1.20,57.22,68.00,-10.78,3.12,4
188,Willian,ARS,F,11,844,76.73,6.30,5.50,6.55,7.06,-0.25,69.30,72.00,-2.70,4.96,2
189,Aymeric Laporte,MCI,D,4,360,90.00,6.28,6.56,4.13,5.63,2.15,25.10,16.50,8.60,1.60,1
190,Ashley Westwood,BUR,M,13,1170,90.00,6.25,4.74,6.54,5.02,-0.28,81.30,85.00,-3.70,2.80,5
191,Lucas Moura,TOT,M,3,230,76.67,6.23,6.35,7.00,8.13,-0.77,18.68,21.00,-2.32,0.48,1
192,Caglar Soyuncu,LEI,D,4,360,90.00,6.23,2.90,4.25,5.18,1.98,24.90,17.00,7.90,1.20,1
193,Joao Moutinho,WOL,M,9,768,85.33,6.22,4.94,5.44,4.34,0.78,56.02,49.00,7.02,1.52,2
194,Ferran Torres,MCI,F,6,436,72.67,6.22,5.07,5.92,4.58,0.30,37.30,35.50,1.80,2.88,3
195,Toby Alderweireld,TOT,D,10,891,89.10,6.21,2.86,6.23,5.48,-0.01,62.13,62.25,-0.12,3.28,4
196,John Lundstram,SHU,M,8,653,81.63,6.20,4.79,5.00,4.14,1.20,49.60,40.00,9.60,1.60,1
197,Mario Lemina,FUL,M,4,318,79.50,6.12,3.67,5.50,2.94,0.62,24.48,22.00,2.48,0.08,0
198,Phil Bardsley,BUR,D,3,270,90.00,6.10,4.25,1.00,3.78,5.10,18.30,3.00,15.30,0.80,0
199,Conor Townsend,WBA,D,8,705,88.13,6.07,5.11,6.66,5.71,-0.59,48.57,53.25,-4.68,1.12,2
200,Jairo Riedewald,CRY,M,5,409,81.80,6.06,4.18,6.70,6.09,-0.64,30.32,33.50,-3.18,1.12,1
201,Ryan Bertrand,SOU,D,13,1159,89.15,6.06,6.33,4.63,7.18,1.43,78.81,60.25,18.56,5.16,4
202,Ben Davies,TOT,D,5,450,90.00,6.04,3.37,4.55,4.18,1.49,30.19,22.75,7.44,1.44,1
203,Georginio Wijnaldum,LIV,M,13,1149,88.38,6.00,3.74,5.19,3.37,0.80,77.94,67.50,10.44,4.24,4
204,Ruben Dias,MCI,D,11,970,88.18,5.96,2.98,4.91,3.98,1.05,65.52,54.00,11.52,6.52,6
205,Eric Dier,TOT,D,13,1170,90.00,5.95,2.60,5.87,5.00,0.08,77.31,76.25,1.06,4.56,5
206,Joel Ward,CRY,D,6,540,90.00,5.94,8.19,5.04,8.29,0.90,35.67,30.25,5.42,1.92,1
207,Nathan Redmond,SOU,M,3,257,85.67,5.91,4.40,4.33,3.52,1.57,17.72,13.00,4.72,1.52,1
208,Fred,MUN,M,8,665,83.13,5.90,3.84,4.69,3.02,1.21,47.18,37.50,9.68,4.68,4
209,James McArthur,CRY,M,12,1020,85.00,5.87,3.88,5.67,3.51,0.21,70.48,68.00,2.48,3.28,2
210,Sander Berge,SHU,M,11,990,90.00,5.83,3.35,5.55,3.63,0.29,64.16,61.00,3.16,1.36,0
211,Ben Mee,BUR,D,7,630,90.00,5.81,4.83,9.11,8.41,-3.30,40.65,63.75,-23.10,0.40,4
212,Sean Longstaff,NEW,M,7,630,90.00,5.79,4.21,4.57,4.02,1.22,40.52,32.00,8.52,2.32,1
213,Helder Costa,LEE,F,7,580,82.86,5.79,3.75,8.79,7.84,-3.00,40.50,61.50,-21.00,1.04,2
214,Charlie Taylor,BUR,D,13,1170,90.00,5.77,5.08,6.42,6.10,-0.65,75.00,83.50,-8.50,2.80,5
215,Marcal,WOL,D,5,450,90.00,5.76,2.37,4.20,5.33,1.56,28.78,21.00,7.78,1.68,1
216,Grady Diangana,WBA,M,10,799,79.90,5.73,2.11,6.20,4.20,-0.47,57.32,62.00,-4.68,1.12,1
217,Lewis Dunk,BHA,D,11,989,89.91,5.72,5.60,1.68,6.83,4.04,62.94,18.50,44.44,4.24,2
218,Chris Basham,SHU,D,14,1162,83.00,5.70,5.08,3.84,4.76,1.86,79.83,53.75,26.08,1.68,0
219,Wilfred Ndidi,LEI,M,5,440,88.00,5.67,1.51,5.80,1.47,-0.13,28.34,29.00,-0.66,1.44,3
220,Cesar Azpilicueta,CHE,D,4,360,90.00,5.60,4.20,6.44,5.83,-0.84,22.41,25.75,-3.34,2.36,3
221,Gary Cahill,CRY,D,5,450,90.00,5.60,4.06,1.20,6.56,4.40,27.98,6.00,21.98,0.88,0
222,Ola Aina,FUL,D,11,990,90.00,5.56,3.53,5.80,5.60,-0.23,61.21,63.75,-2.54,2.56,2
223,Dennis Praet,LEI,M,7,498,71.14,5.55,4.39,7.07,6.51,-1.53,38.82,49.50,-10.68,3.52,4
224,Angelo Ogbonna,WHU,D,14,1233,88.07,5.54,4.64,5.86,7.49,-0.32,77.56,82.00,-4.44,3.36,4
225,Aaron Connolly,BHA,F,6,446,74.33,5.50,2.82,4.50,4.81,1.00,33.00,27.00,6.00,2.88,1
226,Allan,EVE,M,11,989,89.91,5.48,2.76,5.05,2.78,0.43,60.28,55.50,4.78,4.08,2
227,Douglas Luiz,AVL,M,11,957,87.00,5.47,4.46,5.59,5.25,-0.12,60.18,61.50,-1.32,4.68,6
228,Virgil van Dijk,LIV,D,4,360,90.00,5.44,4.21,4.00,5.79,1.44,21.76,16.00,5.76,1.36,1
229,Conor Gallagher,WBA,M,10,890,89.00,5.42,2.42,6.45,3.98,-1.03,54.18,64.50,-10.32,1.28,2
230,Mason Greenwood,MUN,F,6,462,77.00,5.42,4.01,5.17,5.19,0.25,32.50,31.00,1.50,0.56,1
231,Mason Holgate,EVE,D,5,442,88.40,5.40,4.88,7.20,7.85,-1.80,27.02,36.00,-8.98,1.12,2
232,Rob Holding,ARS,D,10,900,90.00,5.39,5.19,3.83,5.60,1.56,53.87,38.25,15.62,4.12,3
233,Jay Rodriguez,BUR,F,5,390,78.00,5.38,2.44,4.00,2.00,1.38,26.90,20.00,6.90,0.16,2
234,Jamal Lewis,NEW,D,11,968,88.00,5.32,5.62,2.66,7.98,2.66,58.51,29.25,29.26,3.36,2
235,Pascal Struijk,LEE,D,3,236,78.67,5.24,2.54,1.08,1.25,4.16,15.73,3.25,12.48,1.28,0
236,Kevin Long,BUR,D,6,540,90.00,5.23,4.17,1.50,5.53,3.73,31.40,9.00,22.40,2.40,1
237,Fabian Balbuena,WHU,D,11,990,90.00,5.21,4.93,6.09,6.34,-0.88,57.30,67.00,-9.70,2.80,4
238,Ben Godfrey,EVE,M,7,630,90.00,5.14,3.19,5.07,3.03,0.07,35.98,35.50,0.48,2.48,2
239,Maximilian Kilman,WOL,D,7,630,90.00,5.06,5.65,6.18,8.67,-1.12,35.41,43.25,-7.84,2.36,3
240,Bobby De Cordova-Reid,FUL,F,9,730,81.11,5.06,4.29,5.39,5.47,-0.33,45.50,48.50,-3.00,2.48,3
241,George Baldock,SHU,D,14,1260,90.00,4.97,4.46,4.82,3.99,0.15,69.58,67.50,2.08,1.68,0
242,Davinson Sanchez,TOT,D,4,360,90.00,4.94,5.71,0.88,4.63,4.07,19.78,3.50,16.28,0.88,0
243,Harrison Reed,FUL,M,7,561,80.14,4.91,2.32,4.43,2.09,0.48,34.36,31.00,3.36,1.36,1
244,Christian Fuchs,LEI,D,8,692,86.50,4.90,4.30,5.13,5.01,-0.23,39.16,41.00,-1.84,2.96,3
245,Karlan Grant,WBA,F,9,683,75.89,4.89,3.12,3.89,4.13,1.00,44.00,35.00,9.00,0.96,3
246,Jonny Evans,LEI,D,10,890,89.00,4.79,6.36,4.58,5.32,0.21,47.87,45.75,2.12,3.92,4
247,Benjamin Mendy,MCI,D,6,506,84.33,4.78,5.00,3.96,8.78,0.82,28.69,23.75,4.94,3.24,2
248,Joseph Gomez,LIV,D,6,511,85.17,4.74,5.93,1.58,4.96,3.16,28.46,9.50,18.96,1.76,0
249,Pierre-Emile Hojbjerg,TOT,M,14,1260,90.00,4.73,3.01,4.93,3.47,-0.20,66.16,69.00,-2.84,4.56,5
250,Cheikhou Kouyate,CRY,M,14,1233,88.07,4.65,3.88,4.50,4.86,0.15,65.16,63.00,2.16,3.76,1
251,Fabinho,LIV,M,11,989,89.91,4.65,2.82,4.59,2.77,0.06,51.18,50.50,0.68,2.88,4
252,Yves Bissouma,BHA,M,13,1151,88.54,4.57,4.24,4.81,5.66,-0.24,59.40,62.50,-3.10,5.60,3
253,David Luiz,ARS,D,4,360,90.00,4.42,4.73,0.44,3.07,3.98,17.69,1.75,15.94,1.64,0
254,Jack Robinson,SHU,D,4,360,90.00,4.40,5.23,1.63,5.90,2.77,17.58,6.50,11.08,0.88,0
255,Matthew Lowton,BUR,D,9,810,90.00,4.36,4.58,5.86,6.29,-1.50,39.25,52.75,-13.50,1.60,4
256,Dara O'Shea,WBA,D,8,720,90.00,4.30,4.39,2.34,4.52,1.96,34.43,18.75,15.68,0.48,0
257,Joachim Andersen,FUL,D,8,692,86.50,4.24,5.41,5.16,4.69,-0.92,33.89,41.25,-7.36,2.24,3
258,Callum Robinson,WBA,F,6,408,68.00,4.23,4.77,6.33,9.00,-2.10,25.40,38.00,-12.60,0.16,2
259,Ethan Ampadu,SHU,D,7,577,82.43,4.19,3.58,6.79,3.78,-2.60,29.30,47.50,-18.20,0.00,0
260,James McCarthy,CRY,M,4,319,79.75,3.97,1.96,4.00,1.87,-0.03,15.88,16.00,-0.12,0.88,1
261,Andreas Christensen,CHE,D,3,270,90.00,3.89,1.97,0.83,1.89,3.06,11.68,2.50,9.18,0.48,0
262,Conor Coady,WOL,D,13,1170,90.00,3.88,3.99,2.96,6.14,0.92,50.44,38.50,11.94,4.04,4
263,Ruben Loftus-Cheek,CHE,M,7,526,75.14,3.80,2.95,3.29,2.66,0.51,26.58,23.00,3.58,1.28,4
264,Oliver Norwood,SHU,M,4,293,73.25,3.73,2.26,3.50,2.03,0.23,14.92,14.00,0.92,0.32,0
265,Kyle Bartley,WBA,D,8,720,90.00,3.70,3.98,3.16,7.10,0.54,29.61,25.25,4.36,0.16,1
266,Fabian Schar,NEW,D,3,270,90.00,3.69,2.39,-0.33,0.77,4.02,11.06,-1.00,12.06,1.36,0
267,Nathan Ake,MCI,D,4,360,90.00,3.67,4.43,3.06,0.82,0.61,14.69,12.25,2.44,1.84,1
268,Tyrick Mitchell,CRY,D,6,540,90.00,3.65,4.47,2.67,5.50,0.98,21.88,16.00,5.88,1.28,1
269,Jamaal Lascelles,NEW,D,7,628,89.71,3.63,3.30,1.86,4.55,1.77,25.38,13.00,12.38,1.68,1
270,Moussa Sissoko,TOT,M,11,978,88.91,3.56,2.37,3.59,2.03,-0.03,39.18,39.50,-0.32,4.08,5
271,Romaine Sawyers,WBA,M,10,827,82.70,3.51,2.64,3.50,2.67,0.01,35.08,35.00,0.08,0.48,1
272,Jeff Hendrick,NEW,M,10,825,82.50,3.50,3.51,4.85,6.78,-1.35,35.04,48.50,-13.46,2.64,2
273,Isaac Hayden,NEW,M,7,630,90.00,3.35,1.93,3.07,1.70,0.28,23.46,21.50,1.96,1.76,1
274,John Egan,SHU,D,12,1080,90.00,3.19,3.13,1.54,4.22,1.65,38.28,18.50,19.78,1.28,0
275,Denis Odoi,FUL,D,3,270,90.00,3.08,2.56,-0.92,2.97,4.00,9.25,-2.75,12.00,0.00,0
276,Mohamed Elneny,ARS,M,8,694,86.75,3.00,2.74,2.38,2.47,0.63,24.02,19.00,5.02,4.32,2
277,Luka Milivojevic,CRY,M,6,519,86.50,2.86,4.93,1.83,4.97,1.02,17.14,11.00,6.14,2.24,0
278,Nathaniel Clyne,CRY,D,8,702,87.75,2.84,4.02,1.25,7.12,1.59,22.74,10.00,12.74,1.84,1
279,Javier Manquillo,NEW,D,5,425,85.00,2.84,4.00,4.55,7.09,-1.71,14.21,22.75,-8.54,0.56,2
280,Enda Stevens,SHU,D,11,990,90.00,2.76,4.05,1.86,5.04,0.90,30.40,20.50,9.90,1.60,0
281,Federico Fernandez,NEW,D,11,990,90.00,2.45,4.50,0.93,6.66,1.52,26.99,10.25,16.74,2.64,2
282,Jake Livermore,WBA,M,8,682,85.25,2.44,2.29,2.13,2.12,0.31,19.52,17.00,2.52,1.12,1
283,Andre Gomes,EVE,M,5,366,73.20,2.31,1.21,1.90,0.86,0.41,11.56,9.50,2.06,2.16,1
284,Issa Diop,WHU,D,3,270,90.00,2.25,0.85,-0.17,0.12,2.42,6.76,-0.50,7.26,0.56,0
285,Granit Xhaka,ARS,M,8,661,82.63,2.25,2.19,1.81,1.68,0.44,18.00,14.50,3.50,2.20,2
286,Semi Ajayi,WBA,D,13,1170,90.00,2.17,4.46,0.90,5.99,1.26,28.17,11.75,16.42,1.12,1
287,Max Lowe,SHU,D,4,351,87.75,1.97,1.73,4.75,2.43,-2.78,7.88,19.00,-11.12,0.08,0
288,Nampalys Mendy,LEI,M,12,1009,84.08,1.94,3.23,2.25,4.13,-0.31,23.28,27.00,-3.72,4.48,4
289,Branislav Ivanovic,WBA,D,7,619,88.43,1.92,6.24,1.46,6.98,0.45,13.43,10.25,3.18,1.28,2
290,Tim Ream,FUL,D,5,450,90.00,1.89,3.30,0.45,3.94,1.44,9.47,2.25,7.22,0.32,0
291,Steven Bergwijn,TOT,F,6,484,80.67,1.65,2.49,0.75,2.06,0.90,9.90,4.50,5.40,1.44,4
292,Mamadou Sakho,CRY,D,3,270,90.00,1.16,4.18,-0.92,4.41,2.07,3.47,-2.75,6.22,0.32,0
293,Harry Winks,TOT,M,3,240,80.00,0.83,0.41,0.67,0.24,0.16,2.48,2.00,0.48,0.48,0
294,Kieran Gibbs,WBA,D,3,270,90.00,-0.68,3.07,-1.58,2.66,0.90,-2.05,-4.75,2.70,0.00,0