WAR_Rank,Player,Pos,games_started,games_not_started,pWAS,ww_pWAS,pWAR,WAR,,,,,
1,Kevin De Bruyne,M,31,7,0.128903167,-0.027370167,0.156273333,4.844473333,,,,,
2,Mohamed Salah,F,33,5,0.062950333,-0.047160167,0.1101105,3.6336465,,,,,
3,Sadio Mane,F,31,7,0.061539833,-0.047160167,0.1087,3.3697,,,,,
4,Cesar Azpilicueta,D,36,2,0.053729333,-0.0280835,0.081812833,2.945262,,,,,
5,Willian,F,29,9,0.052313333,-0.047160167,0.0994735,2.8847315,,,,,
6,Lucas Digne,D,35,3,0.052632,-0.0280835,0.0807155,2.8250425,,,,,
7,Adama Traore,F,27,11,0.055302333,-0.047160167,0.1024625,2.7664875,,,,,
8,Gabriel Jesus,F,20,18,0.089191333,-0.047160167,0.1363515,2.72703,,,,,
9,Trent Alexander-Arnold,D,35,3,0.048982167,-0.0280835,0.077065667,2.697298333,,,,,
10,Raul Jimenez,F,37,1,0.025049667,-0.047160167,0.072209833,2.671763833,,,,,
11,Raheem Sterling,F,29,9,0.040497,-0.047160167,0.087657167,2.542057833,,,,,
12,Matt Doherty,D,32,6,0.0510775,-0.0280835,0.079161,2.533152,,,,,
13,Marcus Rashford,F,31,7,0.033605833,-0.047160167,0.080766,2.503746,,,,,
14,Riyad Mahrez,F,19,19,0.080545,-0.047160167,0.127705167,2.426398167,,,,,
15,Jamie Vardy,F,34,4,0.020108833,-0.047160167,0.067269,2.287146,,,,,
16,Jack Grealish,M,34,4,0.037973167,-0.027370167,0.065343333,2.221673333,,,,,
17,Michail Antonio,M,19,19,0.085147667,-0.027370167,0.112517833,2.137838833,,,,,
18,Roberto Firmino,F,34,4,0.015144833,-0.047160167,0.062305,2.11837,,,,,
19,James Maddison,M,29,9,0.0443325,-0.027370167,0.071702667,2.079377333,,,,,
20,Harry Maguire,D,38,0,0.025062333,-0.0280835,0.053145833,2.019541667,,,,,
21,Emiliano Buendia,M,28,10,0.0412905,-0.027370167,0.068660667,1.922498667,,,,,
22,Troy Deeney,F,26,12,0.026386,-0.047160167,0.073546167,1.912200333,,,,,
23,Danny Ings,F,32,6,0.011357167,-0.047160167,0.058517333,1.872554667,,,,,
24,Son Heung-Min,F,28,10,0.017721,-0.047160167,0.064881167,1.816672667,,,,,
25,James Ward-Prowse,M,38,0,0.020054167,-0.027370167,0.047424333,1.802124667,,,,,
26,James Tarkowski,D,38,0,0.018846833,-0.0280835,0.046930333,1.783352667,,,,,
27,Andrew Robertson,D,34,4,0.023327667,-0.0280835,0.051411167,1.747979667,,,,,
28,Ricardo Pereira,D,28,10,0.033605,-0.0280835,0.0616885,1.727278,,,,,
29,Sebastien Haller,F,24,14,0.0233995,-0.047160167,0.070559667,1.693432,,,,,
30,David Silva,M,20,18,0.051085667,-0.027370167,0.078455833,1.569116667,,,,,
31,Reece James,D,16,22,0.067630167,-0.0280835,0.095713667,1.531418667,,,,,
32,Pierre-Emerick Aubameyang,F,33,5,-0.002634667,-0.047160167,0.0445255,1.4693415,,,,,
33,Virgil van Dijk,D,38,0,0.010077167,-0.0280835,0.038160667,1.450105333,,,,,
34,Allan Saint-Maximin,M,23,15,0.035588,-0.027370167,0.062958167,1.448037833,,,,,
35,Bernardo Silva,M,22,16,0.038099667,-0.027370167,0.065469833,1.440336333,,,,,
36,Harry Kane,F,29,9,0.000438667,-0.047160167,0.047598833,1.380366167,,,,,
37,Marcos Alonso,D,15,23,0.062563833,-0.0280835,0.090647333,1.35971,,,,,
38,Sergio Aguero,F,17,21,0.031415,-0.047160167,0.078575167,1.335777833,,,,,
39,Bruno Fernandes,M,14,24,0.065605667,-0.027370167,0.092975833,1.301661667,,,,,
40,Anthony Martial,F,31,7,-0.005256167,-0.047160167,0.041904,1.299024,,,,,
41,Gerard Deulofeu,F,25,13,0.004526,-0.047160167,0.051686167,1.292154167,,,,,
42,Tammy Abraham,F,25,13,0.004436167,-0.047160167,0.051596333,1.289908333,,,,,
43,Serge Aurier,D,31,7,0.013333833,-0.0280835,0.041417333,1.283937333,,,,,
44,Romain Saiss,D,31,7,0.013116833,-0.0280835,0.041200333,1.277210333,,,,,
45,Richarlison,F,36,2,-0.012851,-0.047160167,0.034309167,1.23513,,,,,
46,Dwight McNeil,M,38,0,0.004777,-0.027370167,0.032147167,1.221592333,,,,,
47,Christian Pulisic,M,19,19,0.0367235,-0.027370167,0.064093667,1.217779667,,,,,
48,Willy Boly,D,22,16,0.026278,-0.0280835,0.0543615,1.195953,,,,,
49,Dominic Calvert-Lewin,F,30,8,-0.007503167,-0.047160167,0.039657,1.18971,,,,,
50,Joao Moutinho,M,34,4,0.006455333,-0.027370167,0.0338255,1.150067,,,,,
51,Christian Benteke,F,13,25,0.041058667,-0.047160167,0.088218833,1.146844833,,,,,
52,Aaron Wan-Bissaka,D,34,4,0.003846333,-0.0280835,0.031929833,1.085614333,,,,,
53,Joao Cancelo,D,13,25,0.052912333,-0.0280835,0.080995833,1.052945833,,,,,
54,Nicolas Pepe,F,22,16,-0.001049167,-0.047160167,0.046111,1.014442,,,,,
55,Harvey Barnes,M,24,14,0.014713333,-0.027370167,0.0420835,1.010004,,,,,
56,John McGinn,M,25,13,0.0125385,-0.027370167,0.039908667,0.997716667,,,,,
57,Diogo Jota,F,27,11,-0.011354667,-0.047160167,0.0358055,0.9667485,,,,,
58,Joshua King,F,24,14,-0.007072,-0.047160167,0.040088167,0.962116,,,,,
59,David McGoldrick,F,22,16,-0.003837167,-0.047160167,0.043323,0.953106,,,,,
60,Mason Mount,M,32,6,0.001426,-0.027370167,0.028796167,0.921477333,,,,,
61,Nathan Redmond,M,32,6,0.001233,-0.027370167,0.028603167,0.915301333,,,,,
62,Jack O'Connell,D,32,6,-6.76667E-05,-0.0280835,0.028015833,0.896506667,,,,,
63,Lucas Moura,M,25,13,0.006198667,-0.027370167,0.033568833,0.839220833,,,,,
64,Oliver McBurnie,F,22,16,-0.010489833,-0.047160167,0.036670333,0.806747333,,,,,
65,Gylfi Sigurdsson,M,28,10,0.001303,-0.027370167,0.028673167,0.802848667,,,,,
66,Ben Chilwell,D,27,11,0.0014215,-0.0280835,0.029505,0.796635,,,,,
67,Dan Burn,D,33,5,-0.004219,-0.0280835,0.0238645,0.7875285,,,,,
68,Felipe Anderson,M,20,18,0.011971667,-0.027370167,0.039341833,0.786836667,,,,,
69,Chris Wood,F,29,9,-0.020221667,-0.047160167,0.0269385,0.7812165,,,,,
70,Dele Alli,M,21,17,0.009366333,-0.027370167,0.0367365,0.7714665,,,,,
71,Emerson,D,13,25,0.0307615,-0.0280835,0.058845,0.764985,,,,,
72,Olivier Giroud,F,12,26,0.015066333,-0.047160167,0.0622265,0.746718,,,,,
73,Jonny,D,33,5,-0.005885167,-0.0280835,0.022198333,0.732545,,,,,
74,Djibril Sidibe,D,18,20,0.011576167,-0.0280835,0.039659667,0.713874,,,,,
75,Ayoze Perez,M,26,12,-1.91667E-05,-0.027370167,0.027351,0.711126,,,,,
76,Ismaila Sarr,F,22,16,-0.015535833,-0.047160167,0.031624333,0.695735333,,,,,
77,Youri Tielemans,M,32,6,-0.0058985,-0.027370167,0.021471667,0.687093333,,,,,
78,Pedro,F,8,30,0.038607167,-0.047160167,0.085767333,0.686138667,,,,,
79,Diego Rico,D,27,11,-0.002851833,-0.0280835,0.025231667,0.681255,,,,,
80,Pierre-Emile Hojbjerg,M,30,8,-0.005455833,-0.027370167,0.021914333,0.65743,,,,,
81,Wilfried Zaha,M,37,1,-0.010081833,-0.027370167,0.017288333,0.639668333,,,,,
82,Teemu Pukki,F,33,5,-0.027849333,-0.047160167,0.019310833,0.6372575,,,,,
83,Matt Ritchie,M,14,24,0.017275833,-0.027370167,0.044646,0.625044,,,,,
84,Phil Foden,M,8,30,0.050709333,-0.027370167,0.0780795,0.624636,,,,,
85,Pascal Gross,M,22,16,0.000658167,-0.027370167,0.028028333,0.616623333,,,,,
86,Jarrod Bowen,M,11,27,0.028528167,-0.027370167,0.055898333,0.614881667,,,,,
87,Ben Mee,D,32,6,-0.0092055,-0.0280835,0.018878,0.604096,,,,,
88,Shane Long,F,15,23,-0.006920667,-0.047160167,0.0402395,0.6035925,,,,,
89,Jonjo Shelvey,M,25,13,-0.003686833,-0.027370167,0.023683333,0.592083333,,,,,
90,Kurt Zouma,D,25,13,-0.004599333,-0.0280835,0.023484167,0.587104167,,,,,
91,Yerry Mina,D,25,13,-0.0051195,-0.0280835,0.022964,0.5741,,,,,
92,Chris Basham,D,36,2,-0.012344,-0.0280835,0.0157395,0.566622,,,,,
93,Moise Kean,F,6,32,0.042098333,-0.047160167,0.0892585,0.535551,,,,,
94,Callum Hudson-Odoi,F,7,31,0.027778833,-0.047160167,0.074939,0.524573,,,,,
95,Ross Barkley,M,13,25,0.012462667,-0.027370167,0.039832833,0.517826833,,,,,
96,Nicolas Otamendi,D,18,20,-1.73333E-05,-0.0280835,0.028066167,0.505191,,,,,
97,Fred,M,23,15,-0.005567,-0.027370167,0.021803167,0.501472833,,,,,
98,Leandro Trossard,M,22,16,-0.004842167,-0.027370167,0.022528,0.495616,,,,,
99,Oleksandr Zinchenko,D,13,25,0.009947833,-0.0280835,0.038031333,0.494407333,,,,,
100,Jannik Vestergaard,D,17,21,0.000597,-0.0280835,0.0286805,0.4875685,,,,,
101,Anwar El Ghazi,M,24,14,-0.007213667,-0.027370167,0.0201565,0.483756,,,,,
102,John Fleck,M,28,10,-0.0101225,-0.027370167,0.017247667,0.482934667,,,,,
103,Alexandre Lacazette,F,21,17,-0.024167333,-0.047160167,0.022992833,0.4828495,,,,,
104,Ryan Fraser,M,21,17,-0.005305167,-0.027370167,0.022065,0.463365,,,,,
105,Joel Matip,D,8,30,0.028997,-0.0280835,0.0570805,0.456644,,,,,
106,Jonny Evans,D,38,0,-0.016168833,-0.0280835,0.011914667,0.452757333,,,,,
107,N'Golo Kante,M,20,18,-0.0048935,-0.027370167,0.022476667,0.449533333,,,,,
108,Naby Keita,M,9,29,0.021165667,-0.027370167,0.048535833,0.4368225,,,,,
109,Neal Maupay,F,30,8,-0.032728333,-0.047160167,0.014431833,0.432955,,,,,
110,Tomas Soucek,M,12,26,0.0057495,-0.027370167,0.033119667,0.397436,,,,,
111,John Egan,D,34,4,-0.016465,-0.0280835,0.0116185,0.395029,,,,,
112,Paul Pogba,M,13,25,0.002219167,-0.027370167,0.029589333,0.384661333,,,,,
113,Wilfred Ndidi,M,29,9,-0.014319,-0.027370167,0.013051167,0.378483833,,,,,
114,Luke Shaw,D,20,18,-0.009161667,-0.0280835,0.018921833,0.378436667,,,,,
115,Michael Keane,D,28,10,-0.0148165,-0.0280835,0.013267,0.371476,,,,,
116,Ilkay Gundogan,M,20,18,-0.008862667,-0.027370167,0.0185075,0.37015,,,,,
117,Caglar Soyuncu,D,34,4,-0.017747667,-0.0280835,0.010335833,0.351418333,,,,,
118,Benjamin Mendy,D,17,21,-0.008435833,-0.0280835,0.019647667,0.334010333,,,,,
119,Stuart Armstrong,M,19,19,-0.009816167,-0.027370167,0.017554,0.333526,,,,,
120,Shane Duffy,D,12,26,-0.000529333,-0.0280835,0.027554167,0.33065,,,,,
121,Onel Hernandez,M,14,24,-0.004308667,-0.027370167,0.0230615,0.322861,,,,,
122,Jay Rodriguez,F,20,18,-0.0311645,-0.047160167,0.015995667,0.319913333,,,,,
123,Ahmed El Mohamady,D,11,27,-0.002133333,-0.0280835,0.025950167,0.285451833,,,,,
124,Joelinton,F,32,6,-0.0384265,-0.047160167,0.008733667,0.279477333,,,,,
125,Robert Snodgrass,M,17,21,-0.010982833,-0.027370167,0.016387333,0.278584667,,,,,
126,Aaron Mooy,M,25,13,-0.016438667,-0.027370167,0.0109315,0.2732875,,,,,
127,Ondrej Duda,M,9,29,0.002987167,-0.027370167,0.030357333,0.273216,,,,,
128,Dejan Lovren,D,9,29,0.001860667,-0.0280835,0.029944167,0.2694975,,,,,
129,Todd Cantwell,M,30,8,-0.018436167,-0.027370167,0.008934,0.26802,,,,,
130,Mason Greenwood,F,12,26,-0.025278333,-0.047160167,0.021881833,0.262582,,,,,
131,Erik Pieters,D,21,17,-0.015814,-0.0280835,0.0122695,0.2576595,,,,,
132,Andreas Pereira,M,18,20,-0.013104,-0.027370167,0.014266167,0.256791,,,,,
133,Ryan Bertrand,D,31,7,-0.019956667,-0.0280835,0.008126833,0.251931833,,,,,
134,Jan Bednarek,D,34,4,-0.021026667,-0.0280835,0.007056833,0.239932333,,,,,
135,Adam Masina,D,20,18,-0.0161665,-0.0280835,0.011917,0.23834,,,,,
136,John Lundstram,M,25,13,-0.017928167,-0.027370167,0.009442,0.23605,,,,,
137,James Justin,D,11,27,-0.007192333,-0.0280835,0.020891167,0.229802833,,,,,
138,Mateo Kovacic,M,23,15,-0.0180695,-0.027370167,0.009300667,0.213915333,,,,,
139,Enda Stevens,D,36,2,-0.022149833,-0.0280835,0.005933667,0.213612,,,,,
140,Scott McTominay,M,20,18,-0.017039,-0.027370167,0.010331167,0.206623333,,,,,
141,Andriy Yarmolenko,F,10,28,-0.026794167,-0.047160167,0.020366,0.20366,,,,,
142,Shkodran Mustafi,D,11,27,-0.0096505,-0.0280835,0.018433,0.202763,,,,,
143,Oliver Norwood,M,35,3,-0.0219965,-0.027370167,0.005373667,0.188078333,,,,,
144,John Stones,D,12,26,-0.012817333,-0.0280835,0.015266167,0.183194,,,,,
145,Dwight Gayle,F,10,28,-0.030388,-0.047160167,0.016772167,0.167721667,,,,,
146,Gabriel Martinelli,M,6,32,0.000396333,-0.027370167,0.0277665,0.166599,,,,,
147,Andreas Christensen,D,21,17,-0.020195667,-0.0280835,0.007887833,0.1656445,,,,,
148,Philip Billing,M,29,9,-0.021733833,-0.027370167,0.005636333,0.163453667,,,,,
149,Sofiane Boufal,M,8,30,-0.007632,-0.027370167,0.019738167,0.157905333,,,,,
150,Jordan Henderson,M,26,12,-0.021346333,-0.027370167,0.006023833,0.156619667,,,,,
151,Alex Iwobi,M,19,19,-0.019258667,-0.027370167,0.0081115,0.1541185,,,,,
152,Danny Welbeck,F,8,30,-0.028918167,-0.047160167,0.018242,0.145936,,,,,
153,Moussa Djenepo,M,10,28,-0.013000833,-0.027370167,0.014369333,0.143693333,,,,,
154,Patrick van Aanholt,D,29,9,-0.023199,-0.0280835,0.0048845,0.1416505,,,,,
155,Fikayo Tomori,D,15,23,-0.018839667,-0.0280835,0.009243833,0.1386575,,,,,
156,Tom Cleverley,M,11,27,-0.014953167,-0.027370167,0.012417,0.136587,,,,,
157,Jordan Ayew,F,37,1,-0.043638,-0.047160167,0.003522167,0.130320167,,,,,
158,Chris Mepham,D,10,28,-0.016563167,-0.0280835,0.011520333,0.115203333,,,,,
159,Erik Lamela,M,12,26,-0.017985667,-0.027370167,0.0093845,0.112614,,,,,
160,Johann Gudmundsson,M,6,32,-0.008644,-0.027370167,0.018726167,0.112357,,,,,
161,Manuel Lanzini,M,14,24,-0.0206615,-0.027370167,0.006708667,0.093921333,,,,,
162,Cedric Soares,D,19,19,-0.023375,-0.0280835,0.0047085,0.0894615,,,,,
163,Dani Ceballos,M,17,21,-0.022209833,-0.027370167,0.005160333,0.087725667,,,,,
164,Trezeguet,M,20,18,-0.0234305,-0.027370167,0.003939667,0.078793333,,,,,
165,Miguel Almiron,M,35,3,-0.025200833,-0.027370167,0.002169333,0.075926667,,,,,
166,Eddie Nketiah,F,6,32,-0.0356415,-0.047160167,0.011518667,0.069112,,,,,
167,Giovani Lo Celso,M,15,23,-0.0228495,-0.027370167,0.004520667,0.06781,,,,,
168,Matej Vydra,F,7,31,-0.037743667,-0.047160167,0.0094165,0.0659155,,,,,
169,Tariq Lamptey,D,7,31,-0.019351,-0.0280835,0.0087325,0.0611275,,,,,
170,Fabian Balbuena,D,13,25,-0.023850833,-0.0280835,0.004232667,0.055024667,,,,,
171,Solly March,M,11,27,-0.022836833,-0.027370167,0.004533333,0.049866667,,,,,
172,Eric Garcia,D,7,31,-0.021620667,-0.0280835,0.006462833,0.045239833,,,,,
173,Steven Alzate,F,12,26,-0.043923667,-0.047160167,0.0032365,0.038838,,,,,
174,Kelechi Iheanacho,F,12,26,-0.044713667,-0.047160167,0.0024465,0.029358,,,,,
175,Bernardo,D,7,31,-0.024180667,-0.0280835,0.003902833,0.027319833,,,,,
176,Ben Osborn,M,6,32,-0.022992833,-0.027370167,0.004377333,0.026264,,,,,
177,Abdoulaye Doucoure,M,36,2,-0.026671667,-0.027370167,0.0006985,0.025146,,,,,
178,Mario Vrancic,M,6,32,-0.023751667,-0.027370167,0.0036185,0.021711,,,,,
179,Mesut Ozil,M,18,20,-0.026343167,-0.027370167,0.001027,0.018486,,,,,
180,Antonio Rudiger,D,19,19,-0.027423,-0.0280835,0.0006605,0.0125495,,,,,
181,Marc Albrighton,M,9,29,-0.026090667,-0.027370167,0.0012795,0.0115155,,,,,
182,Lewis Dunk,D,36,2,-0.027827167,-0.0280835,0.000256333,0.009228,,,,,
183,Conor Hourihane,M,16,22,-0.026983333,-0.027370167,0.000386833,0.006189333,,,,,
184,Declan Rice,M,38,0,-0.027261667,-0.027370167,0.0001085,0.004123,,,,,
185,Pedro Neto,F,9,29,-0.047022,-0.047160167,0.000138167,0.0012435,,,,,
186,Steven Bergwijn,F,8,30,-0.047247333,-0.047160167,-8.71667E-05,-0.000697333,,,,,
187,Bernard,M,15,23,-0.027545833,-0.027370167,-0.000175667,-0.002635,,,,,
188,Wesley,F,21,17,-0.047317333,-0.047160167,-0.000157167,-0.0033005,,,,,
189,Christian Fuchs,D,8,30,-0.029105667,-0.0280835,-0.001022167,-0.008177333,,,,,
190,Nabil Bentaleb,M,1,37,-0.038912,-0.027370167,-0.011541833,-0.011541833,,,,,
191,Kyle Walker-Peters,D,1,37,-0.044754667,-0.0280835,-0.016671167,-0.016671167,,,,,
192,Jan Vertonghen,D,19,19,-0.028999667,-0.0280835,-0.000916167,-0.017407167,,,,,
193,Danny Rose,D,1,37,-0.063200167,-0.0280835,-0.035116667,-0.035116667,,,,,
194,Eric Dier,D,15,23,-0.030439167,-0.0280835,-0.002355667,-0.035335,,,,,
195,Jeffrey Schlupp,M,11,27,-0.030740833,-0.027370167,-0.003370667,-0.037077333,,,,,
196,Michael Obafemi,F,8,30,-0.051912833,-0.047160167,-0.004752667,-0.038021333,,,,,
197,James Milner,M,9,29,-0.032368667,-0.027370167,-0.0049985,-0.0449865,,,,,
198,Sam Byram,D,15,23,-0.031280833,-0.0280835,-0.003197333,-0.04796,,,,,
199,Aymeric Laporte,D,13,25,-0.031900667,-0.0280835,-0.003817167,-0.049623167,,,,,
200,Theo Walcott,M,17,21,-0.030382667,-0.027370167,-0.0030125,-0.0512125,,,,,
201,Joseph Gomez,D,22,16,-0.030717667,-0.0280835,-0.002634167,-0.057951667,,,,,
202,Jose Holebas,D,11,27,-0.033593667,-0.0280835,-0.005510167,-0.060611833,,,,,
203,Junior Stanislas,M,7,31,-0.036361167,-0.027370167,-0.008991,-0.062937,,,,,
204,Matthew Lowton,D,17,21,-0.0318155,-0.0280835,-0.003732,-0.063444,,,,,
205,Phil Bardsley,D,21,17,-0.03121,-0.0280835,-0.0031265,-0.0656565,,,,,
206,Che Adams,F,12,26,-0.052794167,-0.047160167,-0.005634,-0.067608,,,,,
207,Sander Berge,M,10,28,-0.0349665,-0.027370167,-0.007596333,-0.075963333,,,,,
208,Kortney Hause,D,15,23,-0.033437833,-0.0280835,-0.005354333,-0.080315,,,,,
209,Divock Origi,F,7,31,-0.059286833,-0.047160167,-0.012126667,-0.084886667,,,,,
210,Billy Sharp,F,8,30,-0.058034333,-0.047160167,-0.010874167,-0.086993333,,,,,
211,Calum Chambers,D,13,25,-0.035023833,-0.0280835,-0.006940333,-0.090224333,,,,,
212,Juan Mata,M,8,30,-0.038900667,-0.027370167,-0.0115305,-0.092244,,,,,
213,Christian Atsu,M,6,32,-0.0431565,-0.027370167,-0.015786333,-0.094718,,,,,
214,Adam Webster,D,31,7,-0.0313325,-0.0280835,-0.003249,-0.100719,,,,,
215,Kyle Walker,D,27,11,-0.031830667,-0.0280835,-0.003747167,-0.1011735,,,,,
216,Andre Gray,F,7,31,-0.061715833,-0.047160167,-0.014555667,-0.101889667,,,,,
217,Brandon Williams,D,11,27,-0.037380667,-0.0280835,-0.009297167,-0.102268833,,,,,
218,Kevin Long,D,6,32,-0.045387,-0.0280835,-0.0173035,-0.103821,,,,,
219,Callum Wilson,F,32,6,-0.0505275,-0.047160167,-0.003367333,-0.107754667,,,,,
220,Arnaut Danjuma Groeneveld,F,6,32,-0.065751333,-0.047160167,-0.018591167,-0.111547,,,,,
221,Ruben Vinagre,D,6,32,-0.046755167,-0.0280835,-0.018671667,-0.11203,,,,,
222,Mbwana Samatta,F,11,27,-0.0579995,-0.047160167,-0.010839333,-0.119232667,,,,,
223,Ashley Barnes,F,17,21,-0.054352667,-0.047160167,-0.0071925,-0.1222725,,,,,
224,Alex Oxlade-Chamberlain,M,17,21,-0.034661333,-0.027370167,-0.007291167,-0.123949833,,,,,
225,Reiss Nelson,F,7,31,-0.066119,-0.047160167,-0.018958833,-0.132711833,,,,,
226,Fabinho,M,22,16,-0.033642667,-0.027370167,-0.0062725,-0.137995,,,,,
227,Glenn Murray,F,7,31,-0.068059167,-0.047160167,-0.020899,-0.146293,,,,,
228,Daniel James,M,26,12,-0.033186167,-0.027370167,-0.005816,-0.151216,,,,,
229,Tanguy Ndombele,M,12,26,-0.040254,-0.027370167,-0.012883833,-0.154606,,,,,
230,Daryl Janmaat,D,7,31,-0.0501735,-0.0280835,-0.02209,-0.15463,,,,,
231,James McArthur,M,37,1,-0.031744,-0.027370167,-0.004373833,-0.161831833,,,,,
232,Andros Townsend,M,14,24,-0.039011,-0.027370167,-0.011640833,-0.162971667,,,,,
233,Ben Davies,D,16,22,-0.038393,-0.0280835,-0.0103095,-0.164952,,,,,
234,Ainsley Maitland-Niles,M,15,23,-0.038489,-0.027370167,-0.011118833,-0.1667825,,,,,
235,Scott Dann,D,14,24,-0.040079667,-0.0280835,-0.011996167,-0.167946333,,,,,
236,Robbie Brady,M,5,33,-0.061552667,-0.027370167,-0.0341825,-0.1709125,,,,,
237,Rodrigo,M,28,10,-0.033495833,-0.027370167,-0.006125667,-0.171518667,,,,,
238,George Baldock,D,36,2,-0.033040333,-0.0280835,-0.004956833,-0.178446,,,,,
239,Lys Mousset,F,11,27,-0.063863667,-0.047160167,-0.0167035,-0.1837385,,,,,
240,Fernandinho,D,25,13,-0.035976,-0.0280835,-0.0078925,-0.1973125,,,,,
241,Sean Longstaff,M,14,24,-0.041833333,-0.027370167,-0.014463167,-0.202484333,,,,,
242,Yves Bissouma,M,15,23,-0.041669167,-0.027370167,-0.014299,-0.214485,,,,,
243,Bukayo Saka,M,17,21,-0.040640833,-0.027370167,-0.013270667,-0.225601333,,,,,
244,Charlie Taylor,D,22,16,-0.0383535,-0.0280835,-0.01027,-0.22594,,,,,
245,Fabian Schar,D,18,20,-0.0409835,-0.0280835,-0.0129,-0.2322,,,,,
246,Moritz Leitner,M,7,31,-0.061185333,-0.027370167,-0.033815167,-0.236706167,,,,,
247,Frederic Guilbert,D,22,16,-0.039189167,-0.0280835,-0.011105667,-0.244324667,,,,,
248,Ashley Westwood,M,35,3,-0.034392667,-0.027370167,-0.0070225,-0.2457875,,,,,
249,Nemanja Matic,M,18,20,-0.041318833,-0.027370167,-0.013948667,-0.251076,,,,,
250,Max Meyer,M,6,32,-0.0701195,-0.027370167,-0.042749333,-0.256496,,,,,
251,Japhet Tanganga,D,6,32,-0.071443833,-0.0280835,-0.043360333,-0.260162,,,,,
252,Jack Stacey,D,17,21,-0.044000167,-0.0280835,-0.015916667,-0.270583333,,,,,
253,Dominic Solanke,F,17,21,-0.0635325,-0.047160167,-0.016372333,-0.278329667,,,,,
254,Josh Brownhill,M,9,29,-0.0593955,-0.027370167,-0.032025333,-0.288228,,,,,
255,Lukas Rupp,M,8,30,-0.063839167,-0.027370167,-0.036469,-0.291752,,,,,
256,Seamus Coleman,D,21,17,-0.042244667,-0.0280835,-0.014161167,-0.2973845,,,,,
257,Nathaniel Chalobah,M,10,28,-0.057318,-0.027370167,-0.029947833,-0.299478333,,,,,
258,Matt Targett,D,25,13,-0.040164333,-0.0280835,-0.012080833,-0.302020833,,,,,
259,Jorginho,M,27,11,-0.038691833,-0.027370167,-0.011321667,-0.305685,,,,,
260,Matthew Longstaff,M,6,32,-0.080526833,-0.027370167,-0.053156667,-0.31894,,,,,
261,Rob Holding,D,6,32,-0.081393333,-0.0280835,-0.053309833,-0.319859,,,,,
262,Craig Dawson,D,26,12,-0.0404415,-0.0280835,-0.012358,-0.321308,,,,,
263,Josip Drmic,F,5,33,-0.112162667,-0.047160167,-0.0650025,-0.3250125,,,,,
264,Will Hughes,M,27,11,-0.039426167,-0.027370167,-0.012056,-0.325512,,,,,
265,Martin Kelly,D,17,21,-0.0473225,-0.0280835,-0.019239,-0.327063,,,,,
266,Joseph Willock,M,7,31,-0.074457167,-0.027370167,-0.047087,-0.329609,,,,,
267,Timm Klose,D,7,31,-0.075202667,-0.0280835,-0.047119167,-0.329834167,,,,,
268,Jesse Lingard,M,9,29,-0.064323333,-0.027370167,-0.036953167,-0.3325785,,,,,
269,Luka Milivojevic,M,28,10,-0.039402833,-0.027370167,-0.012032667,-0.336914667,,,,,
270,Mark Noble,M,32,6,-0.038003167,-0.027370167,-0.010633,-0.340256,,,,,
271,Jairo Riedewald,M,7,31,-0.076577167,-0.027370167,-0.049207,-0.344449,,,,,
272,Pablo Zabaleta,D,6,32,-0.0857255,-0.0280835,-0.057642,-0.345852,,,,,
273,Etienne Capoue,M,30,8,-0.038987833,-0.027370167,-0.011617667,-0.34853,,,,,
274,David Brooks,M,8,30,-0.071046667,-0.027370167,-0.0436765,-0.349412,,,,,
275,Grant Hanley,D,14,24,-0.053441333,-0.0280835,-0.025357833,-0.355009667,,,,,
276,James Tomkins,D,18,20,-0.047925667,-0.0280835,-0.019842167,-0.357159,,,,,
277,Mason Holgate,D,24,14,-0.043091333,-0.0280835,-0.015007833,-0.360188,,,,,
278,James McCarthy,M,16,22,-0.050068833,-0.027370167,-0.022698667,-0.363178667,,,,,
279,Simon Francis,D,10,28,-0.064780833,-0.0280835,-0.036697333,-0.366973333,,,,,
280,Martin Montoya,D,23,15,-0.0444635,-0.0280835,-0.01638,-0.37674,,,,,
281,Ryan Bennett,D,10,28,-0.0657615,-0.0280835,-0.037678,-0.37678,,,,,
282,Daniel Drinkwater,M,5,33,-0.106020833,-0.027370167,-0.078650667,-0.393253333,,,,,
283,Davy Propper,M,32,6,-0.039684833,-0.027370167,-0.012314667,-0.394069333,,,,,
284,Matteo Guendouzi,M,17,21,-0.050723833,-0.027370167,-0.023353667,-0.397012333,,,,,
285,Jetro Willems,D,18,20,-0.050763333,-0.0280835,-0.022679833,-0.408237,,,,,
286,Yan Valery,D,10,28,-0.068972667,-0.0280835,-0.040889167,-0.408891667,,,,,
287,Joel Ward,D,27,11,-0.043448,-0.0280835,-0.0153645,-0.4148415,,,,,
288,Oriol Romeu,M,20,18,-0.048148167,-0.027370167,-0.020778,-0.41556,,,,,
289,Hamza Choudhury,M,10,28,-0.069345833,-0.027370167,-0.041975667,-0.419756667,,,,,
290,Gary Cahill,D,25,13,-0.044998167,-0.0280835,-0.016914667,-0.422866667,,,,,
291,Aaron Connolly,F,14,24,-0.0786125,-0.047160167,-0.031452333,-0.440332667,,,,,
292,Kieran Tierney,D,11,27,-0.068194167,-0.0280835,-0.040110667,-0.441217333,,,,,
293,Dennis Praet,M,12,26,-0.065055667,-0.027370167,-0.0376855,-0.452226,,,,,
294,Kenny McLean,M,32,6,-0.0418775,-0.027370167,-0.014507333,-0.464234667,,,,,
295,Arthur Masuaku,D,10,28,-0.076173667,-0.0280835,-0.048090167,-0.480901667,,,,,
296,Lloyd Kelly,D,7,31,-0.097121167,-0.0280835,-0.069037667,-0.483263667,,,,,
297,Lewis Cook,M,14,24,-0.061943833,-0.027370167,-0.034573667,-0.484031333,,,,,
298,Christian Kabasele,D,26,12,-0.0471315,-0.0280835,-0.019048,-0.495248,,,,,
299,Marco Stiepermann,M,14,24,-0.063968833,-0.027370167,-0.036598667,-0.512381333,,,,,
300,Fabian Delph,M,13,25,-0.066903833,-0.027370167,-0.039533667,-0.513937667,,,,,
301,Dan Gosling,M,14,24,-0.064285667,-0.027370167,-0.0369155,-0.516817,,,,,
302,Hector Bellerin,D,11,27,-0.076249167,-0.0280835,-0.048165667,-0.529822333,,,,,
303,Isaac Hayden,M,26,12,-0.048001667,-0.027370167,-0.0206315,-0.536419,,,,,
304,Pablo Fornals,M,24,14,-0.049898,-0.027370167,-0.022527833,-0.540668,,,,,
305,Ryan Fredericks,D,25,13,-0.050477667,-0.0280835,-0.022394167,-0.559854167,,,,,
306,Morgan Schneiderlin,M,12,26,-0.074185333,-0.027370167,-0.046815167,-0.561782,,,,,
307,Ciaran Clark,D,14,24,-0.068380167,-0.0280835,-0.040296667,-0.564153333,,,,,
308,Ruben Neves,M,35,3,-0.043750667,-0.027370167,-0.0163805,-0.5733175,,,,,
309,Tom Trybull,M,14,24,-0.0683515,-0.027370167,-0.040981333,-0.573738667,,,,,
310,Nathan Ake,D,29,9,-0.047931833,-0.0280835,-0.019848333,-0.575601667,,,,,
311,Bjorn Engels,D,15,23,-0.067337667,-0.0280835,-0.039254167,-0.5888125,,,,,
312,Sokratis,D,19,19,-0.059297667,-0.0280835,-0.031214167,-0.593069167,,,,,
313,Steve Cook,D,28,10,-0.049333667,-0.0280835,-0.021250167,-0.595004667,,,,,
314,Sead Kolasinac,D,19,19,-0.059660667,-0.0280835,-0.031577167,-0.599966167,,,,,
315,Paul Dummett,D,14,24,-0.073226,-0.0280835,-0.0451425,-0.631995,,,,,
316,Harry Wilson,M,20,18,-0.059126167,-0.027370167,-0.031756,-0.63512,,,,,
317,Roberto Pereyra,M,17,21,-0.065175167,-0.027370167,-0.037805,-0.642685,,,,,
318,DeAndre Yedlin,D,10,28,-0.093024167,-0.0280835,-0.064940667,-0.649406667,,,,,
319,Jack Stephens,D,27,11,-0.053015167,-0.0280835,-0.024931667,-0.673155,,,,,
320,Lucas Torreira,M,17,21,-0.067017,-0.027370167,-0.039646833,-0.673996167,,,,,
321,Victor Lindelof,D,35,3,-0.047497833,-0.0280835,-0.019414333,-0.679501667,,,,,
322,Douglas Luiz,M,26,12,-0.053639833,-0.027370167,-0.026269667,-0.683011333,,,,,
323,Neil Taylor,D,11,27,-0.090283,-0.0280835,-0.0621995,-0.6841945,,,,,
324,Cheikhou Kouyate,M,29,9,-0.051014333,-0.027370167,-0.023644167,-0.685680833,,,,,
325,Marvelous Nakamba,M,19,19,-0.064870667,-0.027370167,-0.0375005,-0.7125095,,,,,
326,Javier Manquillo,D,18,20,-0.067698167,-0.0280835,-0.039614667,-0.713064,,,,,
327,Christoph Zimmermann,D,16,22,-0.072723333,-0.0280835,-0.044639833,-0.714237333,,,,,
328,Moussa Sissoko,M,28,10,-0.054415333,-0.027370167,-0.027045167,-0.757264667,,,,,
329,Mamadou Sakho,D,11,27,-0.097549833,-0.0280835,-0.069466333,-0.764129667,,,,,
330,Andre Gomes,M,17,21,-0.0727185,-0.027370167,-0.045348333,-0.770921667,,,,,
331,Emil Krafth,D,11,27,-0.100610667,-0.0280835,-0.072527167,-0.797798833,,,,,
332,Ezri Konsa Ngoyo,D,22,16,-0.065419333,-0.0280835,-0.037335833,-0.821388333,,,,,
333,Adam Smith,D,24,14,-0.062933167,-0.0280835,-0.034849667,-0.836392,,,,,
334,Dale Stephens,M,28,10,-0.057573333,-0.027370167,-0.030203167,-0.845688667,,,,,
335,Kiko Femenia,D,26,12,-0.060888167,-0.0280835,-0.032804667,-0.852921333,,,,,
336,Jamaal Lascelles,D,24,14,-0.064273667,-0.0280835,-0.036190167,-0.868564,,,,,
337,Toby Alderweireld,D,33,5,-0.055115167,-0.0280835,-0.027031667,-0.892045,,,,,
338,Jack Cork,M,30,8,-0.057119833,-0.027370167,-0.029749667,-0.89249,,,,,
339,Jeff Hendrick,M,22,16,-0.0695035,-0.027370167,-0.042133333,-0.926933333,,,,,
340,Aaron Cresswell,D,31,7,-0.059475667,-0.0280835,-0.031392167,-0.973157167,,,,,
341,Tom Davies,M,23,15,-0.069761833,-0.027370167,-0.042391667,-0.975008333,,,,,
342,Leander Dendoncker,M,32,6,-0.057946,-0.027370167,-0.030575833,-0.978426667,,,,,
343,Adrian Mariappa,D,15,23,-0.0934515,-0.0280835,-0.065368,-0.98052,,,,,
344,Georginio Wijnaldum,M,35,3,-0.055544833,-0.027370167,-0.028174667,-0.986113333,,,,,
345,Davinson Sanchez,D,27,11,-0.066975,-0.0280835,-0.0388915,-1.0500705,,,,,
346,Federico Fernandez,D,29,9,-0.064918333,-0.0280835,-0.036834833,-1.068210167,,,,,
347,Jefferson Lerma,M,31,7,-0.062792833,-0.027370167,-0.035422667,-1.098102667,,,,,
348,Issa Diop,D,31,7,-0.063910833,-0.0280835,-0.035827333,-1.110647333,,,,,
349,Angelo Ogbonna,D,31,7,-0.064598833,-0.0280835,-0.036515333,-1.131975333,,,,,
350,Craig Cathcart,D,28,10,-0.069823833,-0.0280835,-0.041740333,-1.168729333,,,,,
351,Jamal Lewis,D,25,13,-0.079529833,-0.0280835,-0.051446333,-1.286158333,,,,,
352,Harry Winks,M,26,12,-0.077252667,-0.027370167,-0.0498825,-1.296945,,,,,
353,Granit Xhaka,M,29,9,-0.074398833,-0.027370167,-0.047028667,-1.363831333,,,,,
354,Alexander Tettey,M,28,10,-0.076730167,-0.027370167,-0.04936,-1.38208,,,,,
355,Max Aarons,D,36,2,-0.066931833,-0.0280835,-0.038848333,-1.39854,,,,,
356,Tyrone Mings,D,31,7,-0.074498333,-0.0280835,-0.046414833,-1.438859833,,,,,
357,Conor Coady,D,38,0,-0.066331833,-0.0280835,-0.038248333,-1.453436667,,,,,
358,David Luiz,D,32,6,-0.077775167,-0.0280835,-0.049691667,-1.590133333,,,,,
359,Ben Godfrey,M,30,8,-0.087997667,-0.027370167,-0.0606275,-1.818825,,,,,