"","Player","Team.x","Position","n","min_total","mean_minutes","mean_xFpts","sd_xFpts","median_xFpts","mean_fpts","sd_fpts","median_ftps","total_xFpts","total_fpts","mean_xCS","xCS","CS"
"1","Aaron Connolly","BHA","F",11,864,78.5454545454545,4.82727272727273,5.30680523650358,3.4,6.54545454545455,9.03452972061785,2.5,53.1,72,0.450909090909091,4.96,5
"2","Aaron Cresswell","WHU","D",30,2679,89.3,5.08533333333333,5.0449542790952,4.82,4.7,7.41544287979135,4,152.56,141,0.165333333333333,4.96,5
"3","Aaron Mooy","BHA","M",22,1861,84.5909090909091,9.27363636363636,6.18902680668397,8.55,8.97727272727273,7.44260142808387,7,204.02,197.5,0.323636363636364,7.12,6
"4","Aaron Wan-Bissaka","MUN","D",34,3027,89.0294117647059,9.53176470588235,5.98021914597351,9.81,8.63235294117647,6.68592916813772,8.625,324.08,293.5,0.490588235294118,16.68,12
"5","Abdoulaye Doucoure","WAT","M",36,3122,86.7222222222222,7.27444444444444,5.48457079682602,6.86,7.11111111111111,6.83281066526079,5.25,261.88,256,0.291111111111111,10.48,10
"6","Adam Masina","WAT","D",19,1675,88.1578947368421,8.17631578947368,5.96138892329102,6.22,7.72368421052632,6.67702046868072,5.5,155.35,146.75,0.315789473684211,6,6
"7","Adam Smith","BOU","D",24,2060,85.8333333333333,4.76208333333333,5.5331781724797,3.555,3.61458333333333,6.70454873439548,3.375,114.29,86.75,0.243333333333333,5.84,4
"8","Adam Webster","BHA","D",29,2610,90,7.13620689655172,6.19940804420246,6.6,7.04310344827586,7.95132203897488,6.25,206.95,204.25,0.23448275862069,6.8,5
"9","Adama Traore","WOL","F",26,2268,87.2307692307692,14.4115384615385,6.01187670685798,13.65,15.3461538461538,8.28102557751059,12.5,374.7,399,0.441538461538462,11.48,7
"10","Adrian Mariappa","WAT","D",15,1330,88.6666666666667,2.30866666666667,7.59471796397871,0.25,1.81666666666667,8.3492229464498,0.75,34.63,27.25,0.138666666666667,2.08,3
"11","Ahmed El Mohamady","AVL","D",10,873,87.3,9.485,9.03144168385584,7.3,8.375,7.31650531333095,7,94.85,83.75,0.12,1.2,2
"12","Ainsley Maitland-Niles","ARS","M",14,1260,90,7.10714285714286,4.18089874138495,7.04,7.10714285714286,4.74008508292906,6.5,99.5,99.5,0.342857142857143,4.8,3
"13","Alex Iwobi","EVE","M",17,1352,79.5294117647059,8.78235294117647,4.28633807785236,7.06,7.58823529411765,4.21023787227948,6,149.3,129,0.282352941176471,4.8,4
"14","Alex Oxlade-Chamberlain","LIV","M",17,1204,70.8235294117647,6.72588235294118,3.63740817551373,6.7,7.29411764705882,5.22631210657134,6,114.34,124,0.402352941176471,6.84,9
"15","Alexander Tettey","NOR","M",26,2235,85.9615384615385,4.01,2.32363336178494,3.9,3.94230769230769,3.21971092825714,3.5,104.26,102.5,0.236923076923077,6.16,5
"16","Alexandre Lacazette","ARS","F",19,1566,82.4210526315789,8.65263157894737,5.10744211051684,9.9,9.1578947368421,7.73888563536075,7.5,164.4,174,0.218947368421053,4.16,6
"17","Allan Saint-Maximin","NEW","M",21,1756,83.6190476190476,12.7809523809524,5.36255713700274,13.2,13.4047619047619,5.6449513895583,12.5,268.4,281.5,0.228571428571429,4.8,8
"18","Andre Gomes","EVE","M",15,1336,89.0666666666667,4.224,4.5049826383049,3.88,4.1,5.31910303931566,4,63.36,61.5,0.357333333333333,5.36,5
"19","Andreas Christensen","CHE","D",18,1620,90,8.28944444444445,4.96662327260948,8.175,4.84722222222222,4.02669300244602,4.375,149.21,87.25,0.408888888888889,7.36,3
"20","Andreas Pereira","MUN","M",17,1338,78.7058823529412,8.28941176470588,3.42685801899538,8.04,7.64705882352941,4.87584834247575,6,140.92,130,0.465882352941176,7.92,6
"21","Andrew Robertson","LIV","D",34,3037,89.3235294117647,10.9747058823529,7.75291938573996,10.12,11.3382352941176,7.24252026726518,11.125,373.14,385.5,0.454117647058824,15.44,13
"22","Andriy Yarmolenko","WHU","F",8,612,76.5,10.0375,4.55190305570884,10.5,11.125,6.69621428228561,12.75,80.3,89,0.16,1.28,3
"23","Andros Townsend","CRY","M",13,1094,84.1538461538462,6.82461538461538,3.79718451703499,7.3,6.61538461538461,4.2532039205455,6.5,88.72,86,0.209230769230769,2.72,3
"24","Angelo Ogbonna","WHU","D",31,2787,89.9032258064516,4.66774193548387,4.6111601647,3.65,5.12903225806452,5.36068674384089,5.25,144.7,159,0.167741935483871,5.2,7
"25","Anthony Martial","MUN","F",31,2632,84.9032258064516,9.89032258064516,7.02359617473887,9.5,12.5322580645161,8.78534336634125,13,306.6,388.5,0.458064516129032,14.2,14
"26","Antonio Rudiger","CHE","D",18,1620,90,7.78333333333333,4.51940001223484,7.225,5.47222222222222,7.9464609625962,4.25,140.1,98.5,0.577777777777778,10.4,5
"27","Anwar El Ghazi","AVL","M",20,1632,81.6,9.528,4.47897732688354,9.5,9,5.81965815599435,7.5,190.56,180,0.188,3.76,4
"28","Arnaut Danjuma Groeneveld","BOU","F",5,367,73.4,6.12,3.82713992427766,5,6,5.7987067523716,3.5,30.6,30,0.336,1.68,2
"29","Arthur Masuaku","WHU","D",9,766,85.1111111111111,4.67333333333333,5.41372330286652,3.65,6.83333333333333,7.99022840724844,5.25,42.06,61.5,0.0622222222222222,0.56,2
"30","Ashley Barnes","BUR","F",16,1269,79.3125,6.7375,6.21577294737616,5.8,7,8.5107774811314,3.75,107.8,112,0.4825,7.72,8
"31","Ashley Westwood","BUR","M",35,3150,90,6.73714285714286,4.64359430476295,6.1,7.34285714285714,5.07266525340567,6.5,235.8,257,0.337142857142857,11.8,15
"32","Aymeric Laporte","MCI","D",11,910,82.7272727272727,7.44181818181818,4.95461768087472,7.7,8.95454545454546,5.7072521648099,9.25,81.86,98.5,0.56,6.16,7
"33","Ayoze Perez","LEI","M",24,1788,74.5,9.35,6.78286331740576,6.98,10.6458333333333,10.982673277433,5.5,224.4,255.5,0.433333333333333,10.4,10
"34","Ben Chilwell","LEI","D",26,2330,89.6153846153846,9.75423076923077,7.88307360010138,8.85,10.5096153846154,10.3374273320858,10.25,253.61,273.25,0.367692307692308,9.56,9
"35","Ben Davies","TOT","D",16,1415,88.4375,6.55125,3.3769609118259,6.135,6.03125,5.35558509097434,4.125,104.82,96.5,0.295,4.72,4
"36","Ben Godfrey","NOR","M",29,2596,89.5172413793103,2.93448275862069,2.59936748653384,2.5,2.68965517241379,2.36195210239119,2.5,85.1,78,0.193103448275862,5.6,3
"37","Ben Mee","BUR","D",32,2880,90,8.5909375,6.35101026221864,8.28,8.3203125,8.99758802245214,7.375,274.91,266.25,0.33625,10.76,13
"38","Ben Osborn","SHU","M",5,420,84,8.832,5.2183637282198,11.52,6.8,4.32434966208793,8.5,44.16,34,0.512,2.56,2
"39","Benjamin Mendy","MCI","D",15,1289,85.9333333333333,9.59733333333333,5.83699098933036,9.98,9.86666666666667,5.26347477116274,10.25,143.96,148,0.517333333333333,7.76,8
"40","Bernard","EVE","M",11,848,77.0909090909091,9.37454545454545,6.43256770448063,9.38,11.2727272727273,8.19866951512145,12,103.12,124,0.392727272727273,4.32,9
"41","Bernardo","BHA","D",8,631,78.875,7.19,7.93256038651546,4.25,7,7.70783460420073,6.125,57.52,56,0.14,1.12,1
"42","Bernardo Silva","MCI","M",19,1596,84,13.2115789473684,6.48186981181433,13.8,13.4473684210526,9.36585811581694,11.5,251.02,255.5,0.564210526315789,10.72,8
"43","Billy Sharp","SHU","F",7,487,69.5714285714286,7.05714285714286,6.42621120693916,6.5,7.35714285714286,7.59777536363049,5,49.4,51.5,0.331428571428571,2.32,3
"44","Bjorn Engels","AVL","D",16,1402,87.625,4.031875,4.20644302429816,3.265,4.609375,5.66713386554438,4.375,64.51,73.75,0.11,1.76,3
"45","Brandon Williams","MUN","D",11,929,84.4545454545455,6.59545454545455,6.47021539616165,7.76,8.38636363636364,8.52229695883366,9.75,72.55,92.25,0.4,4.4,5
"46","Bruno Fernandes","MUN","M",14,1192,85.1428571428571,13.9542857142857,7.96423323296166,12.44,17.9285714285714,10.5353929919346,16.25,195.36,251,0.482857142857143,6.76,9
"47","Bukayo Saka","ARS","M",16,1337,83.5625,6.81375,4.71182183449247,4.94,7.84375,5.09155755475015,7,109.02,125.5,0.345,5.52,7
"48","Caglar Soyuncu","LEI","D",34,3037,89.3235294117647,7.98,5.46105051499002,8.11,7.61764705882353,6.36551888376247,7.375,271.32,259,0.38,12.92,12
"49","Callum Hudson-Odoi","CHE","F",7,596,85.1428571428571,12.1857142857143,6.25711024127181,15.2,12.1428571428571,7.34117546056877,15.5,85.3,85,0.605714285714286,4.24,2
"50","Callum Wilson","BOU","F",32,2815,87.96875,6.665625,5.23749566941079,6.7,6.65625,6.88082597723793,3.75,213.3,213,0.2,6.4,4
"51","Calum Chambers","ARS","D",11,990,90,7.94818181818182,6.39342602707159,6.32,5.79545454545455,6.45059898557702,5,87.43,63.75,0.370909090909091,4.08,3
"52","Cedric Soares","ARS","D",17,1474,86.7058823529412,8.42705882352941,5.93640649373201,9.19,6.91176470588235,5.39454381214728,6,143.26,117.5,0.374117647058823,6.36,4
"53","Cenk Tosun","CRY","F",5,383,76.6,7.74,5.17136345657506,8.3,6.9,8.04207684618843,5.5,38.7,34.5,0.224,1.12,2
"54","Cesar Azpilicueta","CHE","D",36,3230,89.7222222222222,13.1966666666667,7.6115149608997,11.845,10.4444444444444,8.44945287981736,9.125,475.08,376,0.457777777777778,16.48,8
"55","Charlie Taylor","BUR","D",20,1800,90,6.8385,6.92444204478447,7.125,8.8375,7.92741537158765,11.125,136.77,176.75,0.266,5.32,10
"56","Che Adams","SOU","F",12,881,73.4166666666667,6.51666666666667,2.56331934424996,6.35,7.16666666666667,6.56552058911253,4.5,78.2,86,0.303333333333333,3.64,4
"57","Cheikhou Kouyate","CRY","M",29,2393,82.5172413793103,5.57379310344828,3.38223976276193,5.6,5.70689655172414,4.10251935091482,5,161.64,165.5,0.304827586206897,8.84,10
"58","Chris Basham","SHU","D",35,3016,86.1714285714286,8.624,4.16376187373587,9.36,8.58571428571429,5.05409809590447,9.75,301.84,300.5,0.338285714285714,11.84,12
"59","Chris Mepham","BOU","D",10,900,90,8.084,7.10166991316518,7.65,5.9,6.28843736109731,5,80.84,59,0.284,2.84,1
"60","Chris Wood","BUR","F",27,2278,84.3703703703704,9.3037037037037,6.91795220264369,8.7,9.87037037037037,8.21536154056322,10,251.2,266.5,0.362962962962963,9.8,11
"61","Christian Atsu","NEW","M",8,629,78.625,5.775,6.87295112326991,2.74,6.6875,8.276202976866,2.5,46.2,53.5,0.25,2,3
"62","Christian Benteke","CRY","F",13,1123,86.3846153846154,13.1153846153846,4.04986546151971,13.8,10.8076923076923,4.96881299347264,10.5,170.5,140.5,0.323076923076923,4.2,5
"63","Christian Fuchs","LEI","D",8,719,89.875,7.2,4.82595660391358,6.335,6.8125,6.01003624899931,5.125,57.6,54.5,0.35,2.8,2
"64","Christian Kabasele","WAT","D",25,2206,88.24,5.9672,6.49938363744337,6.26,5.24,7.58200995778824,6.25,149.18,131,0.3072,7.68,7
"65","Christian Pulisic","CHE","M",19,1569,82.5789473684211,11.86,7.26361709710343,12.68,12.8684210526316,10.3492379017104,11.5,225.34,244.5,0.444210526315789,8.44,6
"66","Christoph Zimmermann","NOR","D",15,1350,90,4.594,3.96251867954137,4.11,3.81666666666667,4.74291451485667,3.25,68.91,57.25,0.224,3.36,3
"67","Ciaran Clark","NEW","D",13,1143,87.9230769230769,4.48846153846154,3.86656575907235,3.25,6.94230769230769,7.04461514662814,5,58.35,90.25,0.123076923076923,1.6,4
"68","Conor Coady","WOL","D",38,3420,90,4.55026315789474,3.77127441850723,4.725,2.83552631578947,5.07653462211763,2,172.91,107.75,0.483157894736842,18.36,13
"69","Conor Hourihane","AVL","M",14,1090,77.8571428571429,8.21571428571429,4.85116435553318,7.91,9.25,7.60503375808014,8,115.02,129.5,0.251428571428571,3.52,6
"70","Craig Cathcart","WAT","D",27,2425,89.8148148148148,4.60851851851852,4.68294179705918,3.97,4.13888888888889,5.15357107953261,3.75,124.43,111.75,0.328888888888889,8.88,9
"71","Craig Dawson","WAT","D",25,2250,90,6.4884,7.71545779587965,5.4,4.69,7.81034303557362,3.5,162.21,117.25,0.2464,6.16,4
"72","Dale Stephens","BHA","M",28,2476,88.4285714285714,5.09142857142857,2.81779755638745,5.55,4.80357142857143,2.80983486306081,5.25,142.56,134.5,0.277142857142857,7.76,6
"73","Dan Burn","BHA","D",31,2790,90,9.2741935483871,5.58470039434737,9.35,8.30645161290323,6.35862592514405,9.75,287.5,257.5,0.309677419354839,9.6,9
"74","Dan Gosling","BOU","M",12,994,82.8333333333333,5.36166666666667,4.41730858685639,4.15,5.79166666666667,5.53689416276824,3.25,64.34,69.5,0.236666666666667,2.84,2
"75","Dani Ceballos","ARS","M",17,1364,80.2352941176471,7.58352941176471,4.46910637205089,8.2,7.79411764705882,6.09574345222091,7,128.92,132.5,0.254117647058824,4.32,7
"76","Daniel James","MUN","M",24,2073,86.375,7.25666666666667,5.73447747262625,6.15,7.25,6.65288430421102,5.75,174.16,174,0.523333333333333,12.56,7
"77","Danny Ings","SOU","F",31,2635,85,11.4193548387097,6.446726267641,10.8,13.2096774193548,8.33244081241944,13,354,409.5,0.341935483870968,10.6,6
"78","Danny Rose","NEW","D",19,1643,86.4736842105263,4.61894736842105,5.71101459631283,6.59,3.73684210526316,5.1393590744281,5,87.76,71,0.345263157894737,6.56,5
"79","Danny Rose","TOT/NEW","D",1,74,74,6.87,NA,6.87,-0.75,NA,-0.75,6.87,-0.75,0.72,0.72,0
"80","Danny Welbeck","WAT","F",7,612,87.4285714285714,9.4,6.74512169398497,7.6,8.5,8.81286937760152,4,65.8,59.5,0.228571428571429,1.6,1
"81","Daryl Janmaat","WAT","D",7,596,85.1428571428571,5.66285714285714,5.69105061854638,6.47,8.28571428571429,8.96919330661507,12.25,39.64,58,0.32,2.24,4
"82","David Brooks","BOU","M",6,400,66.6666666666667,5.20333333333333,3.3599384915005,4.16,4.5,2.86356421265527,3.25,31.22,27,0.32,1.92,1
"83","David Luiz","ARS","D",31,2760,89.0322580645161,4.21161290322581,4.70455530790757,3.55,4.43548387096774,6.09096589970736,2,130.56,137.5,0.250322580645161,7.76,8
"84","David McGoldrick","SHU","F",20,1591,79.55,10.61,6.96335521063472,10.65,8.45,7.31418952591828,7.25,212.2,169,0.4,8,8
"85","David Silva","MCI","M",18,1491,82.8333333333333,13.9933333333333,5.7081613399021,14.09,16.1388888888889,9.15841874926715,16.5,251.88,290.5,0.537777777777778,9.68,9
"86","Davinson Sanchez","TOT","D",26,2340,90,4.64423076923077,4.86888831096128,4.505,3.95192307692308,5.04728601862884,3.125,120.75,102.75,0.276923076923077,7.2,4
"87","Davy Propper","BHA","M",30,2659,88.6333333333333,6.63066666666667,3.6203476050801,5.79,6.36666666666667,3.77818906933972,5.5,198.92,191,0.304,9.12,6
"88","DeAndre Yedlin","NEW","D",8,720,90,2.58,4.27496700070806,2.87,3.4375,6.56118184040476,3.875,20.64,27.5,0.13,1.04,1
"89","Declan Rice","WHU","M",38,3420,90,7.23526315789474,4.11810618822838,7.33,7.84210526315789,4.86730024390276,7.5,274.94,298,0.153684210526316,5.84,7
"90","Dejan Lovren","LIV","D",8,720,90,9.4075,4.55452914298347,8.325,7,3.80554107284928,7.125,75.26,56,0.295,2.36,0
"91","Dele Alli","TOT","M",20,1720,86,10.219,6.23613400821543,10.87,11.65,8.8289297199604,10.25,204.38,233,0.284,5.68,4
"92","Dennis Praet","LEI","M",10,749,74.9,4.482,2.42603380025918,4.69,6,4.02768199119819,5,44.82,60,0.332,3.32,2
"93","Diego Rico","BOU","D",26,2289,88.0384615384615,9.51307692307692,5.21259763974222,10.11,9.67307692307692,7.04228983739282,10.25,247.34,251.5,0.278461538461538,7.24,6
"94","Diogo Jota","WOL","F",27,2123,78.6296296296296,9.45185185185185,6.0087993406062,9,8.68518518518519,8.59466308928009,5.5,255.2,234.5,0.496296296296296,13.4,11
"95","Divock Origi","LIV","F",6,400,66.6666666666667,6.73333333333333,7.09159126477737,2.75,12.3333333333333,10.5245744173656,10,40.4,74,0.546666666666667,3.28,2
"96","Djibril Sidibe","EVE","D",19,1631,85.8421052631579,9.9678947368421,6.06439937389367,9.3,9.9078947368421,8.22226420488729,11,189.39,188.25,0.328421052631579,6.24,5
"97","Dominic Calvert-Lewin","EVE","F",30,2530,84.3333333333333,9.78333333333333,7.73358476602755,7.15,9.23333333333333,9.27615903468573,5.5,293.5,277,0.290666666666667,8.72,8
"98","Dominic Solanke","BOU","F",17,1386,81.5294117647059,5.76470588235294,4.43437441705008,4.6,6.29411764705882,7.28667195880905,3,98,107,0.225882352941176,3.84,1
"99","Douglas Luiz","AVL","M",26,2273,87.4230769230769,5.37,4.64732611293849,4.11,5.32692307692308,4.97180512026026,3.5,139.62,138.5,0.196923076923077,5.12,7
"100","Dwight Gayle","NEW","F",8,603,75.375,8.7,6.54566377731963,6.25,8.25,5.88581830698648,8.75,69.6,66,0.45,3.6,4
"101","Dwight McNeil","BUR","M",37,3285,88.7837837837838,9.79783783783784,5.80756553276994,9.54,9.93243243243243,6.83756186460146,9,362.52,367.5,0.338378378378378,12.52,16
"102","Eddie Nketiah","ARS","F",5,427,85.4,7.5,4.01497197997695,7,5.7,5.54075807087803,3.5,37.5,28.5,0.432,2.16,3
"103","Emerson","CHE","D",10,900,90,14.31,6.69120484085058,13.665,8.7,5.3069660719557,7.25,143.1,87,0.5,5,1
"104","Emil Krafth","NEW","D",11,930,84.5454545454545,2.13,3.12877611854859,2.97,2.20454545454545,5.69629065908046,2,23.43,24.25,0.189090909090909,2.08,3
"105","Emiliano Buendia","NOR","M",26,2259,86.8846153846154,13.2284615384615,7.11915764247861,11.94,12.8076923076923,7.1806363549158,12.25,343.94,333,0.224615384615385,5.84,3
"106","Enda Stevens","SHU","D",35,3121,89.1714285714286,7.68485714285714,5.58176462263691,8.6,9.67857142857143,4.90631774159732,9.5,268.97,338.75,0.329142857142857,11.52,12
"107","Eric Dier","TOT","D",14,1230,87.8571428571429,7.70214285714286,5.46299745641449,6.4,8.26785714285714,5.1724717771791,9,107.83,115.75,0.32,4.48,3
"108","Eric Garcia","MCI","D",6,522,87,8.49833333333333,6.42210687132086,6.74,8.625,4.70571461098099,9,50.99,51.75,0.573333333333333,3.44,4
"109","Erik Lamela","TOT","M",12,944,78.6666666666667,7.90666666666667,3.29908343561534,8.49,8.54166666666667,5.51221096266913,7,94.88,102.5,0.206666666666667,2.48,5
"110","Erik Pieters","BUR","D",19,1684,88.6315789473684,8.44473684210526,6.05022990235454,8.9,8.06578947368421,9.60860512237134,7.5,160.45,153.25,0.336842105263158,6.4,6
"111","Etienne Capoue","WAT","M",29,2574,88.7586206896552,6.6648275862069,3.52690335714496,5.7,6.74137931034483,4.59934135357439,5.5,193.28,195.5,0.292413793103448,8.48,8
"112","Ezri Konsa Ngoyo","AVL","D",20,1757,87.85,5.3985,5.60732535453214,4.205,5.2125,6.74452750871323,6.75,107.97,104.25,0.256,5.12,5
"113","Fabian Balbuena","WHU","D",13,1170,90,7.55076923076923,6.56688086986313,7.7,7.19230769230769,7.64795305277405,7,98.16,93.5,0.104615384615385,1.36,3
"114","Fabian Delph","EVE","M",13,1125,86.5384615384615,4.46307692307692,2.09952131296392,4.74,4.11538461538461,2.08320512426011,4.5,58.02,53.5,0.409230769230769,5.32,2
"115","Fabian Schar","NEW","D",17,1513,89,6.73235294117647,5.3312106146397,7.22,7.48529411764706,8.02703955207574,8.75,114.45,127.25,0.188235294117647,3.2,4
"116","Fabinho","LIV","M",22,1951,88.6818181818182,6.80090909090909,4.04569837292343,5.08,7.68181818181818,6.08382996253076,5.75,149.62,169,0.414545454545455,9.12,6
"117","Federico Fernandez","NEW","D",29,2595,89.4827586206897,4.64586206896552,4.70362741269315,6,5.49137931034483,7.41333341454915,5,134.73,159.25,0.223448275862069,6.48,8
"118","Felipe Anderson","WHU","M",17,1318,77.5294117647059,11.5517647058824,7.1844695657492,12.82,11.5,7.53533343655077,12,196.38,195.5,0.145882352941176,2.48,7
"119","Fernandinho","MCI","D",25,2202,88.08,6.664,5.99238266468356,7,5.42,6.6288196536035,7,166.6,135.5,0.448,11.2,9
"120","Fikayo Tomori","CHE","D",14,1234,88.1428571428571,8.37428571428571,4.3951874280254,8.12,6.71428571428571,6.35780648468505,6.625,117.24,94,0.46,6.44,4
"121","Florian Lejeune","NEW","D",5,421,84.2,4.53,2.40041663050396,3.9,4.05,7.866860873309,1,22.65,20.25,0.08,0.4,1
"122","Fred","MUN","M",23,2032,88.3478260869565,8.75391304347826,4.97375086111664,8.8,7.30434782608696,4.29518528131098,7.5,201.34,168,0.445217391304348,10.24,6
"123","Frederic Guilbert","AVL","D",23,2005,87.1739130434783,6.69608695652174,5.3792925685028,6.65,8.3804347826087,5.50406335707858,7.75,154.01,192.75,0.163478260869565,3.76,6
"124","Gabriel Jesus","MCI","F",19,1568,82.5263157894737,17.4210526315789,7.93708447362887,18,16.9473684210526,10.096609355018,15.5,331,322,0.589473684210526,11.2,11
"125","Gabriel Martinelli","ARS","M",6,539,89.8333333333333,9.18,2.84832582405876,9.46,10.1666666666667,4.42342250600897,10,55.08,61,0.346666666666667,2.08,2
"126","Gary Cahill","CRY","D",24,2160,90,6.38333333333333,6.41542886611892,5.965,5.45833333333333,6.74926190274789,3.375,153.2,131,0.291666666666667,7,7
"127","George Baldock","SHU","D",36,3240,90,6.93305555555555,5.05844234604428,5.9,9.54861111111111,5.09825580974389,10,249.59,343.75,0.328888888888889,11.84,12
"128","Georginio Wijnaldum","LIV","M",34,2835,83.3823529411765,5.38823529411765,3.19483339593906,5.27,5.51470588235294,4.59493346494126,4.5,183.2,187.5,0.405882352941176,13.8,13
"129","Gerard Deulofeu","WAT","F",23,1939,84.304347826087,11.6391304347826,8.38671780693273,10.5,11.3913043478261,9.23919088564274,10,267.7,262,0.250434782608696,5.76,8
"130","Giovani Lo Celso","TOT","M",15,1221,81.4,7.616,4.90440152166544,6.5,7.73333333333333,5.47679085735781,6.5,114.24,116,0.282666666666667,4.24,6
"131","Glenn Murray","BHA","F",6,473,78.8333333333333,5.76666666666667,3.50637514631088,6.2,4.91666666666667,5.60728692565903,3,34.6,29.5,0.533333333333333,3.2,2
"132","Granit Xhaka","ARS","M",29,2538,87.5172413793103,3.89862068965517,3.0824754942114,3.5,4.37931034482759,3.68795135836617,3.5,113.06,127,0.308965517241379,8.96,10
"133","Grant Hanley","NOR","D",14,1250,89.2857142857143,5.40642857142857,5.12113510125194,5.525,3.73214285714286,5.93592735101126,4.625,75.69,52.25,0.188571428571429,2.64,2
"134","Gylfi Sigurdsson","EVE","M",28,2355,84.1071428571429,9.15714285714286,5.58574034825244,7.5,8.375,5.13633570207833,7.25,256.4,234.5,0.278571428571429,7.8,6
"135","Hamza Choudhury","LEI","M",9,710,78.8888888888889,4.08,3.85484111216014,4.66,3.72222222222222,3.71745133719924,4.5,36.72,33.5,0.391111111111111,3.52,3
"136","Harry Kane","TOT","F",29,2589,89.2758620689655,10.2896551724138,6.74268624021541,9.5,12.4310344827586,9.34241875412037,12.5,298.4,360.5,0.358620689655172,10.4,6
"137","Harry Maguire","MUN","D",38,3420,90,11.0284210526316,5.64352560225685,11.83,9.38157894736842,6.03725395170541,7.75,419.08,356.5,0.481052631578947,18.28,13
"138","Harry Wilson","BOU","M",15,1132,75.4666666666667,6.09333333333333,3.70387184803506,5.8,6.86666666666667,4.39751011802079,6,91.4,103,0.24,3.6,2
"139","Harry Winks","TOT","M",24,2020,84.1666666666667,3.92,2.73612865194603,4.49,3.52083333333333,2.76813846830504,4.5,94.08,84.5,0.286666666666667,6.88,6
"140","Harvey Barnes","LEI","M",19,1523,80.1578947368421,12.0505263157895,6.54577172573106,14.38,12.8684210526316,10.3666694872225,9.5,228.96,244.5,0.524210526315789,9.96,9
"141","Hector Bellerin","ARS","D",11,964,87.6363636363636,3.81363636363636,4.32446591552592,3.95,6.84090909090909,5.77956824433358,7.25,41.95,75.25,0.181818181818182,2,4
"142","Ilkay Gundogan","MCI","M",18,1567,87.0555555555556,8.75444444444445,4.865962479271,9.25,7.19444444444444,4.28451002377061,6.5,157.58,129.5,0.46,8.28,6
"143","Isaac Hayden","NEW","M",23,2029,88.2173913043478,6.45217391304348,3.77184179331981,5.56,7.3695652173913,4.66178221699976,5.5,148.4,169.5,0.226086956521739,5.2,8
"144","Ismaila Sarr","WAT","F",21,1843,87.7619047619048,9.53333333333333,7.25205717940319,7.6,10.4761904761905,8.36432332958888,9.5,200.2,220,0.281904761904762,5.92,6
"145","Issa Diop","WHU","D",31,2764,89.1612903225806,4.68483870967742,4.96889851708789,3.95,4.39516129032258,6.855585980774,2.75,145.23,136.25,0.144516129032258,4.48,4
"146","Jack Cork","BUR","M",29,2572,88.6896551724138,5.23103448275862,3.53102407730148,4.06,4.58620689655172,3.15115898609782,3.5,151.7,133,0.324137931034483,9.4,12
"147","Jack Grealish","AVL","M",34,3054,89.8235294117647,11.9523529411765,7.62517046359821,12.63,12.3676470588235,9.55709226060513,11.75,406.38,420.5,0.202352941176471,6.88,6
"148","Jack O'Connell","SHU","D",32,2880,90,9.2653125,5.39925979656531,9.43,8.8046875,5.89208544294255,7.875,296.49,281.75,0.3575,11.44,12
"149","Jack Stacey","BOU","D",17,1501,88.2941176470588,6.11705882352941,4.22369915581396,6.82,3.95588235294118,5.63002226774407,2.75,103.99,67.25,0.237647058823529,4.04,1
"150","Jack Stephens","SOU","D",27,2408,89.1851851851852,5.41555555555556,6.5544625628025,7.44,5.22222222222222,8.42025183861154,4.75,146.22,141,0.345185185185185,9.32,7
"151","Jairo Riedewald","CRY","M",6,508,84.6666666666667,4.13333333333333,2.66243998367412,4.23,3.66666666666667,2.48327740429189,3.25,24.8,22,0.0666666666666667,0.4,0
"152","Jamaal Lascelles","NEW","D",23,2059,89.5217391304348,5.06826086956522,3.64294168367707,3.94,5.59782608695652,5.67427364716621,5,116.57,128.75,0.257391304347826,5.92,8
"153","Jamal Lewis","NOR","D",26,2276,87.5384615384615,3.60961538461538,4.30474480615911,3.265,2.16346153846154,6.19513611944577,1,93.85,56.25,0.169230769230769,4.4,3
"154","James Justin","LEI","D",11,990,90,8.72363636363636,5.89520359737859,9.05,7.09090909090909,6.65138399815475,7,95.96,78,0.432727272727273,4.76,4
"155","James Maddison","LEI","M",29,2557,88.1724137931034,12.3779310344828,6.24325314657485,11.68,12.2931034482759,7.67476993766322,11,358.96,356.5,0.377931034482759,10.96,10
"156","James McArthur","CRY","M",36,3059,84.9722222222222,7.08277777777778,4.39962635498653,6.51,6.77777777777778,4.52997074169745,5.75,254.98,244,0.285555555555556,10.28,11
"157","James McCarthy","CRY","M",15,1302,86.8,5.51066666666667,3.65933535469151,5.08,5.16666666666667,3.51865775274498,5,82.66,77.5,0.317333333333333,4.76,2
"158","James Milner","LIV","M",8,704,88,7.845,5.13163577373587,7.93,8.625,6.55607678853313,6.5,62.76,69,0.47,3.76,4
"159","James Tarkowski","BUR","D",38,3420,90,10.6386842105263,6.72102436330775,9.315,10.5592105263158,9.52812944450471,8.5,404.27,401.25,0.329473684210526,12.52,15
"160","James Tomkins","CRY","D",18,1584,88,5.85833333333333,4.86171024132334,4.68,5.76388888888889,7.3371898282083,3.75,105.45,103.75,0.2,3.6,3
"161","James Ward-Prowse","SOU","M",38,3420,90,10.5973684210526,5.2574522060058,9.77,9.88157894736842,4.93119443143605,9.5,402.7,375.5,0.321052631578947,12.2,9
"162","Jamie Vardy","LEI","F",33,2960,89.6969696969697,11.9484848484848,8.18218801773558,9.9,12.8939393939394,10.9106868308651,11.5,394.3,425.5,0.392727272727273,12.96,11
"163","Jan Bednarek","SOU","D",34,3058,89.9411764705882,7.78441176470588,5.11573697476805,6.9,6.40441176470588,5.63034752744956,6.375,264.67,217.75,0.309411764705882,10.52,7
"164","Jan Vertonghen","TOT","D",18,1589,88.2777777777778,7.22666666666667,7.05563187648495,4.015,7.47222222222222,8.47699694020135,3.875,130.08,134.5,0.226666666666667,4.08,4
"165","Jannik Vestergaard","SOU","D",16,1429,89.3125,10.178125,4.78505620830797,9.125,9.140625,7.97233171140455,7.875,162.85,146.25,0.325,5.2,4
"166","Japhet Tanganga","TOT","D",6,526,87.6666666666667,4.2,3.56721179634739,4.25,8.16666666666667,6.39465922990949,8,25.2,49,0,0,2
"167","Jarrod Bowen","WHU","M",10,858,85.8,12.172,4.76994479353098,12.73,12.35,6.21400747415779,10.25,121.72,123.5,0.312,3.12,1
"168","Javier Manquillo","NEW","D",17,1495,87.9411764705882,4.72941176470588,4.69109325022994,7.02,6.35294117647059,6.45480612093218,6,80.4,108,0.352941176470588,6,8
"169","Jay Rodriguez","BUR","F",19,1618,85.1578947368421,8.3,5.08210367640978,8.4,8.71052631578947,6.28117953686002,9.5,157.7,165.5,0.227368421052632,4.32,7
"170","Jeff Hendrick","BUR","M",21,1840,87.6190476190476,4.4352380952381,4.37231702767265,3.4,4.54761904761905,4.82157848091463,3,93.14,95.5,0.363809523809524,7.64,10
"171","Jefferson Lerma","BOU","M",29,2541,87.6206896551724,4.98896551724138,3.16438026524218,5.1,4.81034482758621,4.06292864354785,4,144.68,139.5,0.244137931034483,7.08,4
"172","Jeffrey Schlupp","CRY","M",10,833,83.3,8.02,3.61793065470059,8.04,8.15,4.4724465092137,6.75,80.2,81.5,0.48,4.8,4
"173","Jesse Lingard","MUN","M",7,546,78,5.26857142857143,4.34580038110139,5.6,3.35714285714286,3.13201593379149,2,36.88,23.5,0.468571428571429,3.28,1
"174","Jetro Willems","NEW","D",16,1405,87.8125,6.6475,5.94051344582268,3.755,9.28125,7.05683770065129,8.5,106.36,148.5,0.16,2.56,3
"175","Joao Cancelo","MCI","D",12,1080,90,13.4,7.40632285157879,9.77,11.5,6.40223682501955,10.125,160.8,138,0.5,6,5
"176","Joao Moutinho","WOL","M",33,2965,89.8484848484848,9.67939393939394,4.97096440554669,8.34,9.87878787878788,5.57341667963633,8,319.42,326,0.488484848484848,16.12,11
"177","Joel Matip","LIV","D",8,703,87.875,11.33,5.27537676379612,9.115,12.375,5.32346557369217,11.75,90.64,99,0.38,3.04,3
"178","Joel Ward","CRY","D",26,2291,88.1153846153846,6.43192307692308,5.55714820333651,6.015,5.75961538461539,5.83501532527155,6.125,167.23,149.75,0.303076923076923,7.88,7
"179","Joelinton","NEW","F",30,2437,81.2333333333333,7.59,4.6723212867799,6.95,6.7,5.03025330136188,6.5,227.7,201,0.176,5.28,9
"180","Johann Gudmundsson","BUR","M",7,507,72.4285714285714,8.69142857142857,3.38886130615889,7.66,9.64285714285714,5.94918962068424,8.5,60.84,67.5,0.434285714285714,3.04,4
"181","John Egan","SHU","D",34,3049,89.6764705882353,8.06764705882353,5.13061226119145,8.88,8.41176470588235,6.50317007572984,7.25,274.3,286,0.341176470588235,11.6,12
"182","John Fleck","SHU","M",27,2413,89.3703703703704,8.6237037037037,4.8299228757564,9.06,8.92592592592593,6.69486557529164,8,232.84,241,0.260740740740741,7.04,8
"183","John Lundstram","SHU","M",25,2176,87.04,7.908,5.24220373507173,6.96,8.08,6.69215959164155,6,197.7,202,0.32,8,9
"184","John McGinn","AVL","M",23,2056,89.3913043478261,10.4904347826087,4.44354432474887,10.22,10.4130434782609,5.68221342498807,9.5,241.28,239.5,0.229565217391304,5.28,5
"185","John Stones","MCI","D",11,990,90,9.23363636363636,4.91889270614286,9,5.79545454545455,4.70348033616887,5.25,101.57,63.75,0.52,5.72,3
"186","Jonjo Shelvey","NEW","M",23,2019,87.7826086956522,9.01130434782609,4.12166703294126,8.4,10.195652173913,6.12509578855485,10,207.26,234.5,0.23304347826087,5.36,8
"187","Jonny","WOL","D",31,2756,88.9032258064516,9.25354838709677,5.72479027178411,7.83,10.2096774193548,6.03292935141294,9.75,286.86,316.5,0.527741935483871,16.36,11
"188","Jonny Evans","LEI","D",38,3385,89.0789473684211,8.1,5.66999070498309,7.51,7.35526315789474,6.85876623403951,6.125,307.8,279.5,0.4,15.2,13
"189","Jordan Ayew","CRY","F",37,3160,85.4054054054054,7.22972972972973,5.999623361552,6.1,7.95945945945946,7.06554470100656,5.5,267.5,294.5,0.290810810810811,10.76,12
"190","Jordan Henderson","LIV","M",26,2184,84,7.66,4.11380116194256,7.35,9.30769230769231,6.87324802851886,7.5,199.16,242,0.398461538461538,10.36,16
"191","Jorginho","CHE","M",27,2295,85,6.45925925925926,6.10399738250141,4.48,6.55555555555556,6.5226430068548,4,174.4,177,0.459259259259259,12.4,6
"192","Jose Holebas","WAT","D",11,976,88.7272727272727,6.83363636363636,5.58861391174461,7.15,3.88636363636364,7.76801425427023,5.25,75.17,42.75,0.283636363636364,3.12,2
"193","Joseph Gomez","LIV","D",21,1890,90,7.72952380952381,4.99684948361513,7.9,8.30952380952381,6.00931816114813,8,162.32,174.5,0.500952380952381,10.52,12
"194","Josh Brownhill","BUR","M",9,805,89.4444444444444,4.97111111111111,2.91043143040875,4.74,4.55555555555556,2.7322660517925,4.5,44.74,41,0.293333333333333,2.64,4
"195","Joshua King","BOU","F",23,1924,83.6521739130435,10.1869565217391,5.82660858381038,8.1,10.1739130434783,8.08000997925263,6.5,234.3,234,0.224347826086957,5.16,4
"196","Juan Mata","MUN","M",8,627,78.375,6.4,5.60237704652486,6.48,5.6875,6.84490164804642,4.25,51.2,45.5,0.65,5.2,4
"197","Junior Stanislas","BOU","M",7,491,70.1428571428571,6.61428571428571,2.11372386357078,6.14,6.92857142857143,4.13751708383755,5,46.3,48.5,0.342857142857143,2.4,1
"198","Kelechi Iheanacho","LEI","F",6,440,73.3333333333333,8.5,5.70929067398044,7.4,10,8.71779788708135,8,51,60,0.453333333333333,2.72,3
"199","Kenny McLean","NOR","M",32,2876,89.875,6.218125,3.66550567518845,5.74,5.9375,3.83899768504833,5.5,198.98,190,0.2025,6.48,5
"200","Kevin De Bruyne","MCI","M",31,2635,85,18.9193548387097,9.13083929529806,17.9,21.3548387096774,11.5493098988548,19.5,586.5,662,0.561290322580645,17.4,17
"201","Kevin Long","BUR","D",6,540,90,6.035,5.58439522240323,6.005,6.375,6.03479494266375,4.125,36.21,38.25,0.293333333333333,1.76,2
"202","Kieran Tierney","ARS","D",9,766,85.1111111111111,4.05222222222222,3.73952128546482,3.3,7.08333333333333,6.00390497926141,6.5,36.47,63.75,0.168888888888889,1.52,2
"203","Kiko Femenia","WAT","D",25,2162,86.48,5.0532,5.75859626992551,5.19,4.21,6.25528110213016,3.75,126.33,105.25,0.2752,6.88,6
"204","Kortney Hause","AVL","D",15,1350,90,6.898,5.00265815056641,6.3,4.75,6.35413251356942,4,103.47,71.25,0.181333333333333,2.72,1
"205","Kurt Zouma","CHE","D",24,2160,90,8.78166666666667,4.66625784958789,8.525,5.95833333333333,5.90857274509318,5.625,210.76,143,0.481666666666667,11.56,7
"206","Kyle Walker","MCI","D",24,2116,88.1666666666667,7.43875,6.81488480396436,7.62,7.26041666666667,8.01102472909333,6.375,178.53,174.25,0.52,12.48,11
"207","Kyle Walker-Peters","SOU","D",9,765,85,6.36333333333333,5.48825792032408,7.47,4.58333333333333,7.5529381700104,3,57.27,41.25,0.435555555555556,3.92,2
"208","Kyle Walker-Peters","TOT/SOU","D",1,90,90,3.18,NA,3.18,9,NA,9,3.18,9,0.0800000000000001,0.0800000000000001,0
"209","Leander Dendoncker","WOL","M",29,2559,88.2413793103448,5.30827586206897,3.80029892524026,4.38,5.82758620689655,5.52150966362617,3.5,153.94,169,0.532413793103448,15.44,11
"210","Leandro Trossard","BHA","M",20,1686,84.3,9.195,5.16241834394451,8.66,9.125,5.46971326103067,8.25,183.9,182.5,0.3,6,4
"211","Lewis Cook","BOU","M",13,1094,84.1538461538462,5.06307692307692,4.29421972853312,4.58,5.03846153846154,5.04340137564892,4,65.82,65.5,0.178461538461538,2.32,2
"212","Lewis Dunk","BHA","D",36,3231,89.75,7.26583333333333,4.90674950596479,8.345,6.39583333333333,6.55263714632732,6.375,261.57,230.25,0.32,11.52,9
"213","Lloyd Kelly","BOU","D",7,630,90,2.33857142857143,5.24704497335224,0.930000000000001,-0.0357142857142857,7.85338113414186,-0.25,16.37,-0.25,0.217142857142857,1.52,1
"214","Lucas Digne","EVE","D",34,3010,88.5294117647059,13.3770588235294,5.46575650003246,13.935,12.3970588235294,7.54635112685384,13.75,454.82,421.5,0.332941176470588,11.32,9
"215","Lucas Moura","TOT","M",24,1999,83.2916666666667,9.75,5.99791557996174,8.71,9.125,6.81311076241019,7.5,234,219,0.35,8.4,6
"216","Lucas Torreira","ARS","M",13,1100,84.6153846153846,5.48153846153846,2.94817979481647,5.38,5.23076923076923,3.01810774475902,5,71.26,68,0.227692307692308,2.96,3
"217","Luka Milivojevic","CRY","M",28,2465,88.0357142857143,6.40357142857143,4.60675849264142,5.48,6.39285714285714,4.99510342245866,5.25,179.3,179,0.271428571428571,7.6,7
"218","Lukas Rupp","NOR","M",7,583,83.2857142857143,4.86285714285714,5.00127221909824,4,3.57142857142857,3.88832195414007,2.5,34.04,25,0.148571428571429,1.04,1
"219","Luke Shaw","MUN","D",19,1664,87.5789473684211,8.69,6.35879880340794,8.15,7.82894736842105,5.05803309898318,8.25,165.11,148.75,0.482105263157895,9.16,8
"220","Lys Mousset","SHU","F",8,580,72.5,6.825,6.39503155359132,6.4,8.625,10.123346425819,4.5,54.6,69,0.32,2.56,3
"221","Mamadou Sakho","CRY","D",9,802,89.1111111111111,2.90222222222222,3.77711125656161,1.68,0.111111111111111,2.53140002984734,-1,26.12,1,0.168888888888889,1.52,0
"222","Manuel Lanzini","WHU","M",13,1071,82.3846153846154,7.91692307692308,6.73261636192967,6.2,7.34615384615385,7.15129538202874,5.5,102.92,95.5,0.0553846153846154,0.72,2
"223","Marc Albrighton","LEI","M",7,556,79.4285714285714,8.04285714285714,3.85013295997993,7.8,8.35714285714286,6.66904719402933,6.5,56.3,58.5,0.457142857142857,3.2,3
"224","Marco Stiepermann","NOR","M",13,977,75.1538461538462,4.70769230769231,3.69338632749169,4.1,3.38461538461538,2.73978288490352,3.5,61.2,44,0.153846153846154,2,1
"225","Marcos Alonso","CHE","D",16,1386,86.625,13.849375,7.49509925996092,14.065,16.015625,9.94546326640108,16.5,221.59,256.25,0.515,8.24,7
"226","Marcus Rashford","MUN","F",30,2594,86.4666666666667,12.44,7.25522879222883,12.55,12.8,8.28126260571585,12,373.2,384,0.484,14.52,9
"227","Mario Vrancic","NOR","M",6,479,79.8333333333333,7.47,4.56052189995838,7.18,6.83333333333333,5.63619256827396,5.75,44.82,41,0.186666666666667,1.12,0
"228","Mark Noble","WHU","M",30,2586,86.2,6.93466666666667,6.34690461255875,5.2,7.55,7.48717293914664,6.5,208.04,226.5,0.168,5.04,7
"229","Martin Kelly","CRY","D",17,1484,87.2941176470588,5.90764705882353,3.73855842774285,4.68,6.75,5.29887959855666,4.5,100.43,114.75,0.310588235294118,5.28,6
"230","Martin Montoya","BHA","D",20,1664,83.2,7.2545,6.8572608272277,5.135,7.2375,6.97008410052713,6.5,145.09,144.75,0.332,6.64,6
"231","Marvelous Nakamba","AVL","M",18,1546,85.8888888888889,5.04777777777778,3.05063263555679,4.25,4.77777777777778,2.95665859803926,4.25,90.86,86,0.142222222222222,2.56,1
"232","Mason Greenwood","MUN","F",12,959,79.9166666666667,8.46666666666667,4.67728229819087,8.35,12.4166666666667,8.55153716467325,13.5,101.6,149,0.496666666666667,5.96,6
"233","Mason Holgate","EVE","D",22,1980,90,6.795,5.5517073735838,5.615,5.625,6.56322274931629,3.25,149.49,123.75,0.283636363636364,6.24,5
"234","Mason Mount","CHE","M",31,2649,85.4516129032258,9.62,5.53765052466597,7.5,9.96774193548387,7.5354003254317,8.5,298.22,309,0.487741935483871,15.12,10
"235","Matej Vydra","BUR","F",6,487,81.1666666666667,9.28333333333333,7.698679540458,8.2,8.33333333333333,8.39444260607377,4.25,55.7,50,0.306666666666667,1.84,5
"236","Mateo Kovacic","CHE","M",21,1792,85.3333333333333,7.89333333333333,4.43856433245406,7.48,8.07142857142857,5.87002068626192,7,165.76,169.5,0.455238095238095,9.56,4
"237","Matt Doherty","WOL","D",29,2559,88.2413793103448,13.8341379310345,4.97580324975733,13.08,14.3189655172414,7.47433004395119,11.75,401.19,415.25,0.580689655172414,16.84,12
"238","Matt Ritchie","NEW","M",15,1261,84.0666666666667,9.94266666666667,4.17738719889883,9.8,9.73333333333333,6.77934538207959,8,149.14,146,0.362666666666667,5.44,8
"239","Matt Targett","AVL","D",23,2006,87.2173913043478,6.8595652173913,6.08058122091875,6.11,8.20652173913044,8.27498014757061,6.75,157.77,188.75,0.170434782608696,3.92,4
"240","Matteo Guendouzi","ARS","M",17,1491,87.7058823529412,5.62235294117647,2.90254097604962,5.34,5.73529411764706,3.47364023332703,5,95.58,97.5,0.169411764705882,2.88,3
"241","Matthew Longstaff","NEW","M",6,539,89.8333333333333,3.45666666666667,3.72505928364458,3,5.83333333333333,7.71794445864096,2.5,20.74,35,0.24,1.44,1
"242","Matthew Lowton","BUR","D",17,1530,90,6.97235294117647,6.28907935374066,9.45,5.83823529411765,7.89726078720821,7.5,118.53,99.25,0.310588235294118,5.28,6
"243","Max Aarons","NOR","D",36,3240,90,4.50083333333333,5.85960133943794,4.015,2.46527777777778,6.76655450880542,1,162.03,88.75,0.213333333333333,7.68,5
"244","Max Meyer","CRY","M",7,517,73.8571428571429,4.61428571428571,2.8568447463525,2.58,3.42857142857143,1.71824938596845,2.5,32.3,24,0.171428571428571,1.2,1
"245","Mbwana Samatta","AVL","F",10,817,81.7,6.39,3.09998207880124,5.75,5.25,4.72728486789428,4,63.9,52.5,0.32,3.2,4
"246","Mesut Ozil","ARS","M",16,1334,83.375,8.06375,5.27471563214549,6.15,8.25,6,6.25,129.02,132,0.22,3.52,5
"247","Michael Keane","EVE","D",28,2520,90,8.25892857142857,6.53347127931791,7.985,7.3125,8.48026712760604,5.875,231.25,204.75,0.278571428571429,7.8,7
"248","Michael Obafemi","SOU","F",5,379,75.8,8.52,3.64993150620666,6.7,10.8,3.03315017762062,11.5,42.6,54,0.4,2,3
"249","Michail Antonio","WHU","M",17,1475,86.7647058823529,17.0423529411765,9.70739636141674,15.9,16.8529411764706,13.7633624910057,13.5,289.72,286.5,0.207058823529412,3.52,3
"250","Miguel Almiron","NEW","M",35,2976,85.0285714285714,7.38571428571429,4.4938561233247,7.1,6.77142857142857,4.96656890848089,6.5,258.5,237,0.228571428571429,8,12
"251","Mohamed Salah","LIV","F",33,2858,86.6060606060606,14.7606060606061,6.62556315502404,13.6,15.4242424242424,9.66640543011692,15,487.1,509,0.424242424242424,14,16
"252","Moise Kean","EVE","F",6,442,73.6666666666667,13.5,10.0628027904754,12.15,12.25,8.58341423910089,8.75,81,73.5,0.3,1.8,1
"253","Morgan Schneiderlin","EVE","M",9,781,86.7777777777778,4.75111111111111,4.54985836165381,5.4,4.22222222222222,4.28012201279875,5,42.76,38,0.373333333333333,3.36,1
"254","Moritz Leitner","NOR","M",7,607,86.7142857142857,6.16,2.43666438668384,4.9,5.57142857142857,1.88034951158403,4.5,43.12,39,0.217142857142857,1.52,1
"255","Moussa Djenepo","SOU","M",8,661,82.625,11.195,9.44706606004516,10.27,11.3125,10.291943798081,8.75,89.56,90.5,0.32,2.56,2
"256","Moussa Sissoko","TOT","M",28,2448,87.4285714285714,5.32142857142857,4.94623516707832,4.66,5.14285714285714,5.16372163889778,4,149,144,0.342857142857143,9.6,7
"257","N'Golo Kante","CHE","M",19,1677,88.2631578947368,9.29578947368421,5.2968820134422,7,9.18421052631579,5.73054807907147,7,176.62,174.5,0.490526315789474,9.32,3
"258","Nabil Bentaleb","NEW","M",7,626,89.4285714285714,7.09142857142857,3.82869616001509,5.32,7,3.77491721763537,5,49.64,49,0.205714285714286,1.44,2
"259","Naby Keita","LIV","M",8,606,75.75,10.88,6.65530937351096,10.75,12.3125,8.42588486239194,11.75,87.04,98.5,0.58,4.64,5
"260","Nathan Ake","BOU","D",27,2430,90,6.37962962962963,3.68668339743657,6.9,5.21296296296296,4.84306785703094,4.25,172.25,140.75,0.237037037037037,6.4,4
"261","Nathan Redmond","SOU","M",30,2666,88.8666666666667,9.864,5.43454442464576,9.91,9.58333333333333,7.10764927109657,8.5,295.92,287.5,0.324,9.72,7
"262","Nathaniel Chalobah","WAT","M",8,670,83.75,5.9325,3.21979480268985,5.65,5.8125,2.15369284187482,6,47.46,46.5,0.22,1.76,2
"263","Neal Maupay","BHA","F",29,2517,86.7931034482759,7.88620689655172,5.77072192425641,8.4,7.74137931034483,6.19132557012397,7,228.7,224.5,0.270344827586207,7.84,8
"264","Neil Taylor","AVL","D",11,979,89,3.54090909090909,5.79488300925127,1.93,1.61363636363636,5.96066652770858,0.25,38.95,17.75,0.254545454545455,2.8,2
"265","Nemanja Matic","MUN","M",18,1522,84.5555555555556,6.24333333333333,4.77128790111162,5.69,6.44444444444444,5.15320827791344,5.75,112.38,116,0.504444444444444,9.08,10
"266","Nicolas Otamendi","MCI","D",18,1593,88.5,9.25222222222222,6.64895706598858,7.815,7.61111111111111,8.2253295223738,4.375,166.54,137,0.524444444444444,9.44,7
"267","Nicolas Pepe","ARS","F",22,1798,81.7272727272727,10.1909090909091,7.66817225946743,7.4,11.2954545454545,9.60116447663299,10.5,224.2,248.5,0.269090909090909,5.92,5
"268","Oleksandr Zinchenko","MCI","D",13,1127,86.6923076923077,9.96,5.87906880381579,10.3,8.96153846153846,5.9989983138213,9.25,129.48,116.5,0.544615384615385,7.08,7
"269","Oliver McBurnie","SHU","F",20,1574,78.7,10.075,6.12869652149881,8.2,9.025,6.4654445851937,6.25,201.5,180.5,0.296,5.92,8
"270","Oliver Norwood","SHU","M",33,2811,85.1818181818182,7.68606060606061,4.91217488707519,7,7.5,4.68041130671226,7.5,253.64,247.5,0.358787878787879,11.84,12
"271","Olivier Giroud","CHE","F",11,808,73.4545454545455,11.1727272727273,5.15908730476446,10.6,12.1818181818182,5.47390503787163,12.5,122.9,134,0.596363636363636,6.56,6
"272","Ondrej Duda","NOR","M",8,660,82.5,10.2425,5.61885028910974,10.04,9.3125,5.37146893981791,8.75,81.94,74.5,0.33,2.64,3
"273","Onel Hernandez","NOR","M",14,1164,83.1428571428571,8.88142857142857,4.45837130859182,7.89,7.92857142857143,4.4629118765199,7.5,124.34,111,0.274285714285714,3.84,1
"274","Oriol Romeu","SOU","M",20,1708,85.4,6.118,3.83673051602945,5.24,5.675,3.51790532771092,4.75,122.36,113.5,0.228,4.56,5
"275","Pablo Fornals","WHU","M",23,1844,80.1739130434783,5.62086956521739,3.82447371666824,4.9,6.30434782608696,5.61802927764059,4.5,129.28,145,0.229565217391304,5.28,6
"276","Pablo Zabaleta","WHU","D",6,522,87,3.11,5.850299137651,1.95,2.08333333333333,6.26631204670392,3.125,18.66,12.5,0.0266666666666667,0.16,0
"277","Pascal Gross","BHA","M",19,1511,79.5263157894737,10.1,6.78760307881623,9.2,9.89473684210526,6.77532071272157,8,191.9,188,0.315789473684211,6,3
"278","Patrick van Aanholt","CRY","D",28,2482,88.6428571428571,7.63607142857143,7.52218907228165,5.76,7.09821428571429,8.75418928436295,5,213.81,198.75,0.298571428571429,8.36,8
"279","Paul Dummett","NEW","D",14,1212,86.5714285714286,3.96357142857143,4.41257923379348,2.53,5.125,8.00285405820468,4.875,55.49,71.75,0.16,2.24,5
"280","Paul Pogba","MUN","M",13,1107,85.1538461538462,9.29846153846154,5.68608512973242,10.16,9.34615384615385,7.52048484525382,7.5,120.88,121.5,0.483076923076923,6.28,6
"281","Pedro","CHE","F",8,650,81.25,12.975,6.17315617353531,12.8,12.1875,7.81453544913031,9.5,103.8,97.5,0.41,3.28,2
"282","Pedro Neto","WOL","F",6,468,78,7.68333333333333,2.72500764524921,7.45,9.08333333333333,3.95495469843419,8.5,46.1,54.5,0.48,2.88,1
"283","Phil Bardsley","BUR","D",21,1890,90,7.07571428571429,5.01499209513691,4.54,8.01190476190476,6.27319505439423,7.75,148.59,168.25,0.344761904761905,7.24,9
"284","Phil Foden","MCI","M",6,504,84,13.3966666666667,4.61738309723881,12.26,12.0833333333333,8.54058936295773,9.25,80.38,72.5,0.413333333333333,2.48,3
"285","Philip Billing","BOU","M",24,2143,89.2916666666667,8.79583333333333,5.07843173042424,9.22,8.29166666666667,5.64515310892348,7.5,211.1,199,0.275,6.6,5
"286","Pierre-Emerick Aubameyang","ARS","F",33,2926,88.6666666666667,10.0454545454545,5.34240646321317,9.3,12.3181818181818,9.54333715693358,9.5,331.5,406.5,0.283636363636364,9.36,10
"287","Pierre-Emile Hojbjerg","SOU","M",30,2699,89.9666666666667,8.8,4.41659878499125,7.6,8.11666666666667,4.59700677227779,7,264,243.5,0.326666666666667,9.8,7
"288","Raheem Sterling","MCI","F",28,2436,87,13.5,6.83222213187329,11.7,13.875,10.9836789694393,14,378,388.5,0.481428571428571,13.48,12
"289","Raul Jimenez","WOL","F",37,3226,87.1891891891892,12.0216216216216,6.32868843420952,10.2,12.6621621621622,7.59482101871442,12,444.8,468.5,0.48972972972973,18.12,15
"290","Reece James","CHE","D",16,1402,87.625,14.0575,4.20156558122485,14.075,12,6.0614904657738,13,224.92,192,0.47,7.52,5
"291","Ricardo Pereira","LEI","D",28,2520,90,11.6639285714286,5.92142396493333,11.83,11.7946428571429,7.93347734796589,12.75,326.59,330.25,0.401428571428571,11.24,10
"292","Richarlison","EVE","F",35,3023,86.3714285714286,9.40571428571429,6.20563988534258,8.9,10.2714285714286,8.14874842171092,8.5,329.2,359.5,0.316571428571429,11.08,9
"293","Riyad Mahrez","MCI","F",17,1445,85,17.3705882352941,8.24429838630025,17.3,19.9117647058824,10.6054751398123,18,295.3,338.5,0.536470588235294,9.12,9
"294","Rob Holding","ARS","D",6,527,87.8333333333333,3.44333333333333,4.63916228069968,2.84,2.75,5.24166004239115,1.25,20.66,16.5,0.293333333333333,1.76,1
"295","Robert Snodgrass","WHU","M",16,1350,84.375,8.7575,4.9956667889949,8.08,11.34375,8.8142285538781,10.5,140.12,181.5,0.095,1.52,3
"296","Roberto Firmino","LIV","F",34,2876,84.5882352941177,11.3323529411765,5.45314591373697,10.95,10.0441176470588,7.92327569144918,7.5,385.3,341.5,0.392941176470588,13.36,16
"297","Roberto Pereyra","WAT","M",16,1310,81.875,4.6375,3.338637446624,3.44,4,3.26087922703883,4,74.2,64,0.35,5.6,5
"298","Rodrigo","MCI","M",24,2107,87.7916666666667,7.315,4.24278927942046,6.65,8.02083333333333,5.84673667186619,7.25,175.56,192.5,0.523333333333333,12.56,13
"299","Romain Saiss","WOL","D",29,2593,89.4137931034483,10.3641379310345,4.75325866961767,10.68,8.46551724137931,6.26131979823452,8.75,300.56,245.5,0.522758620689655,15.16,10
"300","Ross Barkley","CHE","M",11,844,76.7272727272727,11.4527272727273,9.32350265823858,9.6,12.1818181818182,11.3957727409613,7.5,125.98,134,0.516363636363636,5.68,5
"301","Ruben Neves","WOL","M",32,2826,88.3125,6.34125,4.3473445732665,5.21,6.4375,5.31393481572803,5.25,202.92,206,0.51625,16.52,13
"302","Ruben Vinagre","WOL","D",6,518,86.3333333333333,5.94166666666667,4.57325886722659,4.575,8.875,4.62263453022192,8.875,35.65,53.25,0.266666666666667,1.6,3
"303","Ryan Bennett","LEI","D",9,767,85.2222222222222,5.40444444444444,4.79532353212771,5.11,4.83333333333333,5.63748614188984,2.75,48.64,43.5,0.315555555555556,2.84,3
"304","Ryan Bertrand","SOU","D",30,2687,89.5666666666667,8.501,5.92381595909608,9.74,6.625,5.84341288443073,6.125,255.03,198.75,0.369333333333333,11.08,7
"305","Ryan Fraser","BOU","M",21,1857,88.4285714285714,8.80666666666667,5.13628400045532,8.6,7.90476190476191,4.51281244796149,8,184.94,166,0.192380952380952,4.04,4
"306","Ryan Fredericks","WHU","D",25,2210,88.4,5.6536,5.9455290485092,5.22,6.28,8.02512980165015,5.5,141.34,157,0.1536,3.84,7
"307","Sadio Mane","LIV","F",30,2619,87.3,15.02,6.60858375980397,14.8,16.5,8.37792666310787,16,450.6,495,0.393333333333333,11.8,12
"308","Sam Byram","NOR","D",14,1242,88.7142857142857,7.79928571428571,5.04453773789145,5.97,5.69642857142857,6.04166508778557,3.875,109.19,79.75,0.245714285714286,3.44,3
"309","Sander Berge","SHU","M",9,723,80.3333333333333,7.27111111111111,2.73841397730714,6.32,8.22222222222222,6.2104302946289,6,65.44,74,0.382222222222222,3.44,3
"310","Scott Dann","CRY","D",13,1170,90,6.67538461538462,4.85896184965577,6.87,6.57692307692308,5.03258612215659,5.25,86.78,85.5,0.329230769230769,4.28,5
"311","Scott McTominay","MUN","M",19,1632,85.8947368421053,8.18,4.21277949946483,7.22,8.57894736842105,5.4295057016033,6.5,155.42,163,0.501052631578947,9.52,3
"312","Sead Kolasinac","ARS","D",18,1546,85.8888888888889,6.195,4.78504072144453,6.37,5.09722222222222,4.34126818765256,5,111.51,91.75,0.364444444444444,6.56,4
"313","Seamus Coleman","EVE","D",17,1498,88.1176470588235,7.21352941176471,3.92990766618071,6.87,6.72058823529412,4.46416491433201,5.25,122.63,114.25,0.345882352941176,5.88,5
"314","Sean Longstaff","NEW","M",13,1139,87.6153846153846,6.29692307692308,4.8489713421429,4,5.5,4.37321392113398,4,81.86,71.5,0.258461538461538,3.36,2
"315","Sebastien Haller","WHU","F",23,2034,88.4347826086957,12.1652173913043,6.67026023041845,11.6,12.5434782608696,7.49683727780992,10,279.8,288.5,0.128695652173913,2.96,5
"316","Serge Aurier","TOT","D",30,2650,88.3333333333333,10.643,5.66093275487109,10.805,12.1583333333333,7.67903643530311,12.875,319.29,364.75,0.314666666666667,9.44,9
"317","Sergio Aguero","MCI","F",15,1245,83,14.3466666666667,8.64108679231848,12.6,16.0666666666667,13.6772316887105,12.5,215.2,241,0.544,8.16,5
"318","Shane Duffy","BHA","D",13,1146,88.1538461538462,8.92846153846154,5.63151821766541,7.6,6.71153846153846,6.84641493307975,7.25,116.07,87.25,0.363076923076923,4.72,3
"319","Shane Long","SOU","F",15,1170,78,9.74,4.51692056921211,10.2,9.6,5.73896456564373,7.5,146.1,144,0.346666666666667,5.2,5
"320","Shkodran Mustafi","ARS","D",11,967,87.9090909090909,7.97727272727273,4.67396639035646,8.25,10.0227272727273,4.7149423981828,10.25,87.75,110.25,0.181818181818182,2,4
"321","Simon Francis","BOU","D",9,810,90,5.74555555555555,4.75025554868133,6.1,4.47222222222222,6.27550352118812,3.75,51.71,40.25,0.128888888888889,1.16,1
"322","Sofiane Boufal","SOU","M",6,487,81.1666666666667,9.34,4.18794460326304,7.25,8.83333333333333,6.05530070819498,6.75,56.04,53,0.273333333333333,1.64,1
"323","Sokratis","ARS","D",19,1697,89.3157894736842,5.01473684210526,5.48116002363353,4.65,4.65789473684211,7.1653150500227,1.75,95.28,88.5,0.277894736842105,5.28,4
"324","Solly March","BHA","M",11,894,81.2727272727273,7.54,5.01980876129759,8.52,7.18181818181818,5.48303167632984,7,82.94,79,0.312727272727273,3.44,4
"325","Son Heung-Min","TOT","F",28,2396,85.5714285714286,11.525,7.75058540202442,11.25,13.9464285714286,9.60549542335232,12.25,322.7,390.5,0.28,7.84,8
"326","Steve Cook","BOU","D",26,2319,89.1923076923077,6.43807692307692,4.307072341376,6.45,4.89423076923077,5.44388330005479,3.625,167.39,127.25,0.209230769230769,5.44,3
"327","Steven Alzate","BHA","F",12,1076,89.6666666666667,7.15,4.6376914319715,6.85,6.125,3.6935139710776,5.5,85.8,73.5,0.293333333333333,3.52,3
"328","Steven Bergwijn","TOT","F",6,487,81.1666666666667,8.16666666666667,5.96445024010316,7.75,10.4166666666667,6.85139888392631,13,49,62.5,0,0,2
"329","Stuart Armstrong","SOU","M",18,1533,85.1666666666667,8.94111111111111,5.83727362719042,8.35,10.9722222222222,8.49822165172397,8.75,160.94,197.5,0.324444444444444,5.84,7
"330","Tammy Abraham","CHE","F",25,2050,82,10.564,6.20194055652476,9.9,11.5,9.17083238679383,9.5,264.1,287.5,0.424,10.6,7
"331","Tanguy Ndombele","TOT","M",8,643,80.375,7.925,3.80095852572555,9.24,10,6.15281584781658,9.25,63.4,80,0.3,2.4,1
"332","Tariq Lamptey","BHA","D",6,513,85.5,8.87833333333333,5.62893033059272,8.61,11.375,4.4123406486807,11.25,53.27,68.25,0.32,1.92,3
"333","Teemu Pukki","NOR","F",32,2794,87.3125,8.5125,6.57579873720737,6.75,7.921875,9.39638689569285,4.5,272.4,253.5,0.205,6.56,6
"334","Theo Walcott","EVE","M",12,921,76.75,7.04,4.50319482549486,7.31,6.125,4.92731256273733,5,84.48,73.5,0.373333333333333,4.48,4
"335","Timm Klose","NOR","D",6,540,90,4.77666666666667,2.82060749957641,3.915,0.916666666666667,3.20806275915336,1.25,28.66,5.5,0.293333333333333,1.76,0
"336","Toby Alderweireld","TOT","D",33,2958,89.6363636363636,5.32969696969697,4.81470630260071,5.43,5.21212121212121,5.28379051769168,3.25,175.88,172,0.305454545454545,10.08,7
"337","Todd Cantwell","NOR","M",28,2306,82.3571428571429,8.16071428571429,4.88031414332788,6.9,8.14285714285714,6.44902683278238,5.75,228.5,228,0.157142857142857,4.4,6
"338","Tom Cleverley","WAT","M",9,806,89.5555555555556,9.51333333333333,5.51905789061865,7.24,8.5,6.66614581298669,7,85.62,76.5,0.257777777777778,2.32,1
"339","Tom Davies","EVE","M",21,1815,86.4285714285714,4.52666666666667,2.55477852921409,4.34,4.14285714285714,3.424700195429,3.5,95.06,87,0.236190476190476,4.96,5
"340","Tom Trybull","NOR","M",12,991,82.5833333333333,4.26333333333333,3.32324959622173,3.36,3.95833333333333,3.2012663214119,3,51.16,47.5,0.246666666666667,2.96,2
"341","Tomas Soucek","WHU","M",11,985,89.5454545454545,9.96181818181818,5.84634897723668,7.18,10.2272727272727,7.08295007875827,6.5,109.58,112.5,0.261818181818182,2.88,1
"342","Trent Alexander-Arnold","LIV","D",35,3100,88.5714285714286,13,9.23561584302855,11.5,14.5142857142857,10.3451364775674,14.25,455,508,0.382857142857143,13.4,14
"343","Trezeguet","AVL","M",20,1603,80.15,7.831,3.76281795299326,7.66,9.1,7.16644226494863,6.75,156.62,182,0.216,4.32,6
"344","Troy Deeney","WAT","F",26,2200,84.6153846153846,12.2576923076923,8.09622989184092,8.85,11.9230769230769,8.46131468235558,9,318.7,310,0.307692307692308,8,6
"345","Tyrone Mings","AVL","D",30,2700,90,4.43233333333333,4.11215245535619,3.75,4.14166666666667,6.07378600518504,3.375,132.97,124.25,0.224,6.72,5
"346","Victor Lindelof","MUN","D",34,3048,89.6470588235294,5.91882352941176,4.15172747157343,6.28,4.91176470588235,5.14887541154037,3.375,201.24,167,0.483529411764706,16.44,12
"347","Virgil van Dijk","LIV","D",38,3420,90,9.97947368421053,4.71105769232025,10.175,10.5,7.6352666814786,10.25,379.22,399,0.418947368421053,15.92,15
"348","Wesley","AVL","F",21,1790,85.2380952380952,6.92857142857143,5.04421875587715,5.9,6.78571428571429,7.52756837991431,4.5,145.5,142.5,0.118095238095238,2.48,6
"349","Wilfred Ndidi","LEI","M",29,2575,88.7931034482759,8.16551724137931,4.43849362011072,8,8.43103448275862,5.28766107139171,7.5,236.8,244.5,0.427586206896552,12.4,12
"350","Wilfried Zaha","CRY","M",36,3240,90,8.66611111111111,3.73096025768762,8.17,8.76388888888889,5.28405432965352,7.5,311.98,315.5,0.285555555555556,10.28,9
"351","Will Hughes","WAT","M",25,2070,82.8,6.5664,4.71615563780501,5.48,5.82,4.88808074128623,4.5,164.16,145.5,0.2624,6.56,5
"352","William Smallbone","SOU","F",5,361,72.2,3.74,1.8716303053755,3.6,5.3,4.64488966499744,3,18.7,26.5,0.448,2.24,3
"353","Willian","CHE","F",28,2405,85.8928571428571,14.2678571428571,6.8851452321447,14.6,15.2857142857143,8.88968250425486,14.75,399.5,428,0.497142857142857,13.92,10
"354","Willy Boly","WOL","D",22,1979,89.9545454545455,11.0813636363636,4.29925386157107,11.12,11.2613636363636,5.39426352751967,13.25,243.79,247.75,0.510909090909091,11.24,12
"355","Yan Valery","SOU","D",8,670,83.75,5.02875,3.4077954226827,5.48,6.09375,2.20363944095088,6.375,40.23,48.75,0.21,1.68,1
"356","Yerry Mina","EVE","D",24,2159,89.9583333333333,9.40333333333333,4.79485291669657,8.66,7.79166666666667,7.48319373033981,5,225.68,187,0.328333333333333,7.88,5
"357","Youri Tielemans","LEI","M",32,2753,86.03125,8.756875,4.41258934845115,8.4,8.890625,6.32549166137025,6.75,280.22,284.5,0.41,13.12,12
"358","Yves Bissouma","BHA","M",12,999,83.25,7.075,4.41546970630223,6.61,7.75,4.36150516137804,7.25,84.9,93,0.333333333333333,4,4
